Publication Number,Date,Title,CPC,Summary
"EP2197548","2012-11-14","DIRECT VISUALIZATION ROBOTIC INTRA-OPERATIVE RADIATION THERAPY APPLICATOR DEVICE","A61N5/1001, A61N5/1067, A61N2005/1052","N/A..."
"EP3162318","2019-10-16","AUXILIARY IMAGE DISPLAY AND MANIPULATION ON A COMPUTER DISPLAY IN A MEDICAL ROBOTIC SYSTEM","A61B34/37, A61B18/1482, A61B34/10","N/A..."
"EP3582674","2022-05-04","SURGICAL VISUALIZATION AND MEDICAL IMAGING DEVICES USING NEAR INFRARED FLUORESCENT POLYMERS","A61B1/043, A61B1/267, A61B34/30","N/A..."
"EP4103080","2024-12-04","AIRFLOW CHANNELS AND PATTERNS IN LUMEN FOR CANNULA","A61B17/3421, A61B17/3417, A61B17/3474","N/A..."
"EP4137082","2026-03-11","APPARATUS AND METHOD TO INSPECT MICROLUMEN OF CATHETER","A61B18/1492, A61B1/121, A61B2217/002","N/A..."
"US10137575","2018-11-27","Synthetic representation of a surgical robot","G16H20/40, A61B34/20, A61B34/25","A synthetic representation of a robot tool for display on a user interface of a robotic system. The ..."
"US10258425","2019-04-16","Medical robotic system providing an auxiliary view of articulatable instruments extending out of a distal end of an entry guide","A61B2017/00119, A61B90/36, A61B34/20","A medical robotic system includes an entry guide with surgical tools and a camera extending out of i..."
"US10271909","2019-04-30","Display of computer generated image of an out-of-view portion of a medical device adjacent a real-time image of an in-view portion of the medical device","A61B34/30, A61B1/0005, A61B1/3132","Systems and methods for performing robotically-assisted surgical procedures on a patient enable an i..."
"US10271912","2019-04-30","Method and system for moving a plurality of articulated instruments in tandem back towards an entry guide","A61B34/30, A61B1/00087, A61B1/00193","A medical robotic system includes articulated instruments extending out of a distal end of an entry ..."
"US10271915","2019-04-30","Application of force feedback on an input device to urge its operator to command an articulated instrument to a preferred pose","A61B34/76, A61B34/25, A61B34/30","A medical robotic system includes an entry guide with articulated instruments extending out of its d..."
"US10582974","2020-03-10","Estimation of a position and orientation of a frame used in controlling movement of a tool","A61B34/30, A61B34/37, A61B90/361","A robotic system includes a camera having an image frame whose position and orientation relative to ..."
"US10772689","2020-09-15","Controller assisted reconfiguration of an articulated instrument during movement into and out of an entry guide","A61B34/30, A61B34/25, A61B34/32","To perform a tool exchange in a medical robotic system  tool is retracted back into an entry guide f..."
"US10984567","2021-04-20","Rendering tool information as graphic overlays on displayed images of tools","A61B34/20, A61B2034/2061, A61B2090/371","An operator telerobotically controls tools to perform a procedure on an object at a work site while ..."
"US11304760","2022-04-19","Customized kit assembly for surgical implants","A61F2/30942, A61B34/10, A61B34/37","Methods  apparatuses  and systems for customized kit assembly for surgical implants are disclosed. A..."
"US11382702","2022-07-12","Medical robotic system providing an auxiliary view including range of motion limitations for articulatable instruments extending out of a distal end of an entry guide","A61B1/00183, A61B1/018, A61B1/04","A medical robotic system includes an entry guide with surgical tools and a camera extending out of i..."
"US11389255","2022-07-19","Providing information of tools by filtering image areas adjacent to or on displayed images of the tools","A61B34/30, A61B34/37, A61B90/361","A system may comprise an image capture device disposed to capture an image of a work site  a display..."
"US11399908","2022-08-02","Medical robotic system with coupled control modes","A61B34/37, A61B1/00087, A61B1/00193","In a coupled control mode  the surgeon directly controls movement of an associated slave manipulator..."
"US11464573","2022-10-11","Methods and systems for real-time robotic surgical assistance in an operating room","G16H20/40, A61B5/0033, A61B5/004","Methods  apparatuses  and systems for providing real-time surgical assistance to a surgical robot us..."
"US11464589","2022-10-11","Robotic system and method for performing latency managed telesurgery","A61B34/35, G16H20/40, G16H40/20","Robotic system and method are described for performing latency managed telesurgery. The system compr..."
"US11464590","2022-10-11","Robotic surgery system with tool edge sensors for edge computing","A61B34/35, A61B17/1626, A61B34/37","Methods  apparatuses  and systems for edge computing in surgical robotics is provided. The system co..."
"US11497436","2022-11-15","Systems, methods, and bone mapper devices for real-time mapping and analysis of bone tissue","A61B5/0095, A61B5/0205, A61B5/4509","Apparatuses  systems  and methods for performing real-time analysis of bone tissue during a surgical..."
"US11510733","2022-11-29","Placement of surgical implants","A61B34/10, A61B34/20, A61B34/32","Methods  apparatuses  and systems for designing  modifying  and installing a surgical implant optimi..."
"US11571266","2023-02-07","Robotic surgical system for insertion of surgical implants","A61B34/32, A61B5/353, A61B5/355","Methods  apparatuses  and systems for robotic insertion of a screw  a rod  or another component of a..."
"US11596482","2023-03-07","System and method for surgical performance tracking and measurement","G06N3/08, A61B90/361, A61B2034/102","Computer implemented methods and systems are provided for training a machine learning architecture f..."
"US11684488","2023-06-27","Synchronized placement of surgical implant hardware","A61B34/20, A61B5/01, A61B5/0205","Methods  apparatuses  and systems for robotic insertion of a screw  a rod  or another component of a..."
"US11696761","2023-07-11","Firing drive arrangements for surgical systems","A61B17/29, A61B17/07207, A61B2017/00017","An end effector assembly for use with a surgical instrument is disclosed. The end effector assembly ..."
"US11717365","2023-08-08","Laparoscopic ultrasound robotic surgical system","A61B34/37, A61B8/00, A61B8/12","A LUS robotic surgical system is trainable by a surgeon to automatically move a LUS probe in a desir..."
"US11786313","2023-10-17","Apparatus for robotic joint arthroscopic surgery","A61B34/35, A61B34/10, A61B34/20","Methods  apparatuses  and systems for performing robotic joint arthroscopic surgery are disclosed. T..."
"US11844575","2023-12-19","Digital image analysis for robotic installation of surgical implants","A61B34/10, A61B1/000094, A61B18/14","Computer-implemented digital image analysis methods  apparatuses  and systems for robotic installati..."
"US11850093","2023-12-26","Surgical system with combined laser ablation/ imaging tool","A61B8/4488, A61B8/12, A61B8/445","In one embodiment of the invention  a robotic surgical system includes a combined laser imaging robo..."
"US11896328","2024-02-13","Robotic arthroscopic surgery for joint repair","A61B34/30, A61B34/10, A61B34/25","Methods  apparatuses  and systems performing robotic arthroscopic surgery for extensor retinaculum a..."
"US11896329","2024-02-13","Robotic arthroscopic surgery with machine learning","A61B34/30, A61B1/000096, A61B1/00194","Methods  apparatuses  and systems for performing machine learning (ML) for robotic arthroscopic surg..."
"US11908566","2024-02-20","Edge computing for robotic telesurgery using artificial intelligence","B25J9/163, G05B2219/40168, G05B2219/40174","Methods  apparatuses  and systems for edge computing for robotic telesurgery using artificial intell..."
"US11918212","2024-03-05","Surgical instrument with selectively disengageable drive systems","A61B17/07207, A61B17/07292, A61B2017/07242","A surgical instrument including a surgical end effector and a threaded rotary input shaft. An actuat..."
"US11918296","2024-03-05","Digital image analysis for in vivo robotic assembly of multi-component implants","A61B34/10, A61B34/25, A61B34/37","Methods  apparatuses  and systems for performing custom surgical implant design are disclosed. The d..."
"US11918310","2024-03-05","Interactive extended-reality system for robotic medicine","A61B34/35, A61B34/25, A61B34/30","Methods  apparatuses  and systems for performing robotic surgery in an extended-reality (XR) surgica..."
"US11931118","2024-03-19","Robotic surgical system for remotely monitoring surgical robots","A61B34/37, A61B34/25, B25J9/163","Methods  apparatuses  and systems for providing updates to a surgical robot in which a surgical robo..."
"US11957423","2024-04-16","Multi-arm surgical robotic system","G16H20/40, G16H40/20, G16H40/63","A robotic surgery system comprising a plurality of motorized robotic arms of a surgical robot config..."
"US11998281","2024-06-04","Extended-reality operating room for robotic surgery","A61B34/10, A61B90/36, A61B90/361","Methods  apparatuses  and systems for performing robotic surgery in an extended reality (XR) collabo..."
"US12035988","2024-07-16","In situ end effector tool changer","A61B34/10, A61B34/20, A61B34/25","Methods  apparatuses  and systems for in situ end effector tool changers for a surgical robot are pr..."
"US12076017","2024-09-03","Surgical instrument including a deployable knife","A61B17/105, A61B17/068, A61B17/07292","An apparatus comprises a body  a shaft assembly  an end effector  a cartridge  and a staple driver a..."
"US12201369","2025-01-21","Interactive extended-reality apparatuses for robotic surgery","A61B34/10, A61B34/20, A61B34/25","Methods  apparatuses  and systems for performing robotic surgery in an extended-reality (XR) surgica..."
"US12239396","2025-03-04","Medical robotic system providing an auxiliary view including range of motion limitations for articulatable instruments extending out of a distal end of an entry guide","A61B90/361, A61B1/00149, A61B1/00183","A medical system comprises an entry guide  a display  and a processor. The processor may be configur..."
"US12245822","2025-03-11","Surgical robot evolution and handoff","A61B34/10, A61B34/20, A61B34/30","Methods  apparatuses  and systems for autonomous surgical robot evolution and handoff for manual ope..."
"US12245826","2025-03-11","Robotic surgical systems with multi-modality imaging for performing surgical steps","A61B34/30, A61B5/0022, A61B5/0035","Methods  apparatuses  and systems for automated disease detection using multiple-wavelength imaging ..."
"US12266040","2025-04-01","Rendering tool information as graphic overlays on displayed images of tools","A61B34/25, A61B34/30, A61B34/37","A system comprises: a robotic arm operatively coupleable to a tool comprising a working end; and an ..."
"US12303125","2025-05-20","Methods, systems and devices for storing suture needles and using robotics for delivering selected suture needles to surgical sites","A61B17/06119, A61B17/062, A61B34/30","A surgical method includes arranging a plurality of suture needle containers in a surgical environme..."
"US12357152","2025-07-15","Artificial intelligence-based medical 3D scanner","A61B1/000094, A61B1/00, A61B1/00193","Systems and methods for three-dimensional imaging  modeling  mapping  and/or control capabilities in..."
"US12357400","2025-07-15","Synthetic representation of a surgical robot","A61B34/30, A61B34/20, A61B34/37","A system comprises a first robotic arm adapted to support and move a tool and a second robotic arm a..."
"US12440208","2025-10-14","Powered surgical instrument","A61B17/07207, A61B18/1445, A61B90/98","A method of operating a surgical instrument is disclosed. The surgical instrument includes an electr..."
"US12508094","2025-12-30","Curved gimbal link geometry","A61B34/74, A61B34/35, A61B34/37","A control input assembly including a first link and a second link. A link housing extends from a sec..."
"US12582480","2026-03-24","Digital image analysis for robotic installation of surgical implants","A61B34/37, A61B34/30, A61B2034/2055","Computer-implemented digital image analysis methods  apparatuses  and systems for robotic installati..."
"US12605209","2026-04-21","Minimally invasive telesurgical systems with interactive user interfaces for 3D operative images","A61B34/10, A61B1/00193, A61B8/12","A minimally invasive surgical system is disclosed including a processor coupled to a stereoscopic en..."
"US20070293734","2007-12-20","METHODS AND APPARATUS FOR SURGICAL PLANNING","A61B34/10, A61B34/25, A61B34/30","Methods and apparatus for enhancing surgical planning provide enhanced planning of entry port placem..."
"US20110166706","2011-07-07","MEDICAL ROBOTIC SYSTEM WITH SLIDING MODE CONTROL","A61B34/70, A61B34/30, A61B34/37","A medical robotic system has a joint coupled to medical device or a slave manipulator or robotic arm..."
"US20110201885","2011-08-18","ENVIRONMENT PROPERTY ESTIMATON AND GRAPHICAL DISPLAY","A61B90/37, A61B34/10, A61B34/30","A surgical robot including an imaging system comprising at least one camera  a processor in communic..."
"US20120109377","2012-05-03","AUTOFOCUS AND/OR AUTOSCALING IN TELESURGERY","A61B1/00188, A61B34/30, A61B34/35","Robotic  telerobotic  and/or telesurgical devices  systems  and methods take advantage of robotic st..."
"US20120290005","2012-11-15","SUTURE FASTENING DEVICE","A61B17/062, A61B17/0469, A61B17/0483","An apparatus is operable to secure suture fasteners to sutures to eliminate the need to tie knots in..."
"US20130267969","2013-10-10","CONTROL INTERFACE FOR LAPAROSCOPIC SUTURING INSTRUMENT","A61B17/0469, A61B17/0491, A61B17/0625","An apparatus comprises an end effector  a shaft assembly  and a drive assembly. The end effector com..."
"US20140253684","2014-09-11","VISUALIZATION OF REGISTERED SUBSURFACE ANATOMY","A61B1/000094, A61B1/3132, A61B34/30","A system and method for visualization of subsurface anatomy includes obtaining a first image from a ..."
"US20150289755","2015-10-15","MULTI-VIEW IMAGING SYSTEM FOR LAPAROSCOPIC SURGERY","A61B1/00096, A61B1/00179, A61B1/00193","The invention concerns a multi-view imaging system for laparoscopic surgery comprising: A tubular me..."
"US20160184605","2016-06-30","Direct visualization Robotic Intra-Operative Radiation Therapy Device with Radiation Ablation Capsule and Shutter System","A61N5/1083, A61N5/1014, A61N5/1042","This invention proposes a robotic applicator device to be deployed internally to a patient having a ..."
"US20180042680","2018-02-15","INTERACTIVE USER INTERFACES FOR MINIMALLY INVASIVE TELESURGICAL SYSTEMS","A61B1/0005, A61B1/000094, A61B1/0004","In one embodiment of the invention  a a minimally invasive surgical system is disclosed. The system ..."
"US20180214222","2018-08-02","WIRELESS FORCE SENSOR ON A DISTAL PORTION OF A SURGICAL INSTRUMENT AND METHOD","A61B34/30, A61B34/35, A61B34/37","A surgical instrument includes a distal portion. A force sensor is operatively mounted on the distal..."
"US20190336226","2019-11-07","TRAINING SYSTEM FOR ROBOT-ASSISTED LAPAROSCOPIC SURGERY","G09B23/285, A61B34/35, A61B34/74","A training system for robot-assisted laparoscopic surgery is described. The training system includes..."
"US20200113639","2020-04-16","MASTER OPERATION INPUT DEVICE AND MASTER-SLAVE MANIPULATOR","A61B34/74, A61B34/37, A61B2034/741","A remote control apparatus according to an embodiment may be a master operation input device for ope..."
"US20200405418","2020-12-31","SURGICAL SIMULATION SYSTEM USING FORCE SENSING AND OPTICAL TRACKING AND ROBOTIC SURGERY SYSTEM","A61B34/35, A61B18/00, A61B34/30","A surgical simulation device includes a support structure and animal tissue carried in a tray. A sim..."
"US20210137636","2021-05-13","DEVICE FOR PROVIDING AN INTERFACE BETWEEN A MEDICAL INSTRUMENT AND A PART OF A HUMAN OR ANIMAL BODY AND METHODS OF USE THEREOF","A61B90/37, A61B8/4209, A61B8/4444","A device for providing an interface between a medical instrument and a part of a human or animal bod..."
"US20210282887","2021-09-16","SURGICAL AUGMENTED REALITY","A61B34/37, A61B34/20, A61B90/361","Devices  systems  and methods for augmented reality in surgical environments include an optical lens..."
"US20230014454","2023-01-19","FORMING A CUSTOM FITTED MESH BASED ON A TOPOGRAPHICAL MAP OF A PATIENT'S ABDOMINAL CAVITY","B33Y80/00, B33Y50/02, A61B34/30","The present disclosure relates generally to hernia repair  and more specifically to forming a custom..."
"US20230100415","2023-03-30","SURGICAL SEALING SYSTEMS FOR INSTRUMENT STABILIZATION","A61B5/0075, A61B17/3423, A61B17/3462","Surgical sealing systems are provided. In one exemplary embodiment  a surgical sealing system includ..."
"US20230181258","2023-06-15","ROBOTIC SURGICAL SYSTEM FOR INSERTION OF SURGICAL IMPLANTS","A61B34/10, A61B5/08, A61B5/145","Methods  apparatuses  and systems for performing robotic surgery in an extended-reality (XR) surgica..."
"US20230215554","2023-07-06","SYSTEM FOR MAINTAINING AND CONTROLLING SURGICAL TOOLS","A61B34/30, A61B5/6846, A61B5/741","Methods  apparatuses  and systems for maintaining and controlling surgical tools are disclosed. For ..."
"US20230270562","2023-08-31","SYNCHRONIZED PLACEMENT OF SURGICAL IMPLANT HARDWARE","G06F30/20, A61B5/0022, A61B5/02055","Methods  apparatuses  and systems for robotic insertion of a screw  a rod  or another component of a..."
"US20240050232","2024-02-15","Methods and system for cartilage restoration","A61B34/10, A61B2034/102, A61B2034/105","Methods and systems for cartilage restoration. A 3-dimensional anatomic map is obtained for a recipi..."
"US20240122649","2024-04-18","DIGITAL IMAGE ANALYSIS FOR DEVICE NAVIGATION IN TISSUE","A61B34/10, A61B5/0036, A61B5/004","Methods  apparatuses  and systems for digital image analysis for device navigation in tissue are dis..."
"US20240238617","2024-07-18","INTRA-OPERATIVE RADIATION THERAPY CAPSULE WITH CYLINDRICAL SHELL RADIATION CONTAINMENT SHUTTER SYSTEM","A61B34/35, A61B90/361, A61B90/37","This invention proposes a capsule to administer radiation to a patient to be mounted on an arm  pref..."
"US20240245458","2024-07-25","APPARATUS FOR ROBOTIC JOINT ARTHROSCOPIC SURGERY","A61B34/10, A61B34/25, A61B34/30","Methods  apparatuses  and systems for performing robotic joint arthroscopic surgery are disclosed. T..."
"US20240398479","2024-12-05","ROBOTIC SURGICAL SYSTEM FOR VIRTUAL REALITY BASED ROBOTIC TELESURGICAL OPERATIONS","A61B90/36, A61B34/10, A61B34/25","Methods  apparatuses  and systems for performing a virtual reality based robotic telesurgical demons..."
"US20250009432","2025-01-09","DIGITAL IMAGE ANALYSIS FOR DEVICE NAVIGATION IN TISSUE","A61B34/10, A61B34/20, A61B2034/104","Methods  apparatuses  and systems for digital image analysis for device navigation in tissue are dis..."
"US20250032204","2025-01-30","COMPUTERIZED CONTROL AND NAVIGATION OF A ROBOTIC SURGICAL APPARATUS","A61B34/25, A61B34/10, A61B34/20","The present disclosure provides a method for a surgical robot with extended operational range in whi..."
"US20250255678","2025-08-14","SYSTEM FOR TRANSCRIBING AND PERFORMING ANALYSIS ON PATIENT DATA","G06V10/70, A61B90/90, A61B90/98","Methods  apparatuses  and systems for transcribing and performing analysis on patient data are discl..."
"US7741802","2010-06-22","Medical robotic system with programmably controlled constraints on error dynamics","B25J9/1689, A61B34/30, A61B34/37","A medical robotic system has a robot arm holding an instrument for performing a medical procedure  a..."
"US8398541","2013-03-19","Interactive user interfaces for robotic minimally invasive surgical systems","G16H20/40, A61B8/00, A61B8/12","In one embodiment of the invention  a method for a minimally invasive surgical system is disclosed. ..."
"US8864752","2014-10-21","Control system configured to compensate for non-ideal actuator-to-joint linkage characteristics in a medical robotic system","A61B34/30, A61B34/37, A61B34/71","A medical robotic system having non-ideal actuator-to-joint linkage characteristics  includes a cont..."
"US8920300","2014-12-30","Direct visualization robotic intra-operative radiation therapy device with radiation ablation capsule","A61N5/1001, A61N2005/1052, A61N2005/1055","This invention proposes a robotic applicator device to be deployed internally to a patient having a ..."
"US9066737","2015-06-30","Method for moving an instrument arm of a laparoscopy robot into a predeterminable relative position with respect to a trocar","A61B34/30, A61B90/11, A61B2034/2055","A method for moving an instrument arm of a laparoscopy robot into a predeterminable position relativ..."
"US9241767","2016-01-26","Method for handling an operator command exceeding a medical device state limitation in a medical robotic system","A61B34/37, A61B34/30, A61B34/35","A medical robotic system has a robotic arm holding a medical device  and a control system for contro..."
"US9439556","2016-09-13","Intelligent autonomous camera control for robotics with medical, military, and space applications","B25J9/1682, A61B1/00149, A61B1/00188","A system for autonomous camera control includes a first robot having a surgical tool mounted as an e..."
"US9622826","2017-04-18","Medical robotic system providing sensory feedback indicating a difference between a commanded state and a preferred pose of an articulated instrument","A61B34/37, A61B34/25, A61B34/30","A medical robotic system includes an entry guide with articulated instruments extending out of its d..."
"US9629520","2017-04-25","Method and system for moving an articulated instrument back towards an entry guide while automatically reconfiguring the articulated instrument for retraction into the entry guide","A61B1/00193, A61B1/0055, A61B1/018","A medical robotic system includes articulated instruments extending out of a distal end of an entry ..."
"US9718190","2017-08-01","Tool position and identification indicator displayed in a boundary area of a computer display screen","B25J9/1692, A61B1/00009, A61B1/0005","An endoscope captures images of a surgical site for display in a viewing area of a monitor. When a t..."
"US9786202","2017-10-10","Robot assisted surgical training","G09B23/28, G09B23/30, G09B23/28","A surgical training system and method. The system comprises means for recording reference data repre..."
"US9788909","2017-10-17","Synthetic representation of a surgical instrument","A61B34/20, A61B34/30, A61B34/37","A synthetic representation of a tool for display on a user interface of a robotic system. The synthe..."
"WO2005074303","2005-08-11","STEREOSCOPIC PROJECTION-BASED DISPLAY FOR SURGICAL ROBOT","A61B34/35, A61B34/70, A61B90/361","A robotic system for broadcasting or telecasting a three-dimensional image from a surgical robot to ..."
"WO2007114868","2007-10-11","METHOD FOR TRACKING AND REPORTING USAGE EVENTS TO DETERMINE WHEN PREVENTIVE MAINTENANCE IS DUE FOR A MEDICAL ROBOTIC SYSTEM","G16H40/40, A61B34/30, A61B34/37","A medical robotic system comprises a number of components that may be monitored to determine their p..."
"WO2012060901","2012-05-10","SYSTEM AND METHOD FOR THE EVALUATION OF OR IMPROVEMENT OF MINIMALLY INVASIVE SURGERY SKILLS","A61B34/35, A61B2017/00707, G09B23/285","A system to assist in at least one of the evaluation of or the improvement of skills to perform mini..."
"WO2018148464","2018-08-16","INTRA-OPERATIVE RADIATION THERAPY CAPSULE WITH CYLINDRICAL SHELL RADIATION CONTAINMENT SHUTTER SYSTEM","A61B34/35, A61B34/30, A61B90/361","This invention proposes a capsule to administer radiation to a patient to be mounted on an arm  pref..."
"WO2019032984","2019-02-14","MEDICAL APPARATUS WITH OPTICAL SENSING, AND RELATED DEVICES AND METHODS","A61B17/29, A61B2017/00075, A61B2017/00119","A medical apparatus can include an instrument comprising a shaft and a jaw assembly coupled to an en..."
"WO2022011177","2022-01-13","HEMOSTASIS METHODS AND APPARATUSES","A61B34/30, A61B1/00082, A61B1/015","A probe is configured with a flushing port and an evacuation port to establish a flow path to remove..."
"WO2022109176","2022-05-27","SYSTEMS AND METHODS FOR SURGICAL DATA CENSORSHIP","G06V20/35, G06V10/764, G06V10/766","Various of the disclosed embodiments relate to systems and methods for processing surgical data to f..."
"WO2023052931","2023-04-06","SURGICAL SEALING SYSTEMS FOR INSTRUMENT STABILIZATION","A61B17/3423, A61B1/00006, A61B1/000094","Surgical sealing systems are provided. In one exemplary embodiment  a surgical sealing system includ..."
"WO2023052932","2023-04-06","SURGICAL SEALING DEVICES FOR A NATURAL BODY ORIFICE","A61B2017/3466, A61B2017/347, A61B17/3423","Surgical sealing systems are provided. In one exemplary embodiment  a surgical sealing system includ..."
"WO2023052961","2023-04-06","SURGICAL SYSTEMS WITH PORT DEVICES FOR INSTRUMENT CONTROL","A61B17/3423, A61B17/3462, A61B34/20","Surgical systems are provided. In one exemplary embodiment  a surgical system includes first and sec..."
"WO2024118995","2024-06-06","SYSTEMS AND METHODS FOR CONTROLLING SURGICAL SYSTEMS USING NATURAL LANGUAGE","G16H20/40, A61B1/00006, A61B34/37","Techniques for controlling a surgical system are described. An example method includes identifying a..."
"WO2025058939","2025-03-20","WIPER FOR CLEANING A SURFACE AND CLEANING DEVICES COMPRISING SAME","A61B1/126, A61B1/00042, A61B90/70","A wiper body for an apparatus adapted to clean an imaging element of a surgical instrument comprises..."
