lens_id,pub_key,jurisdiction,date_published,title,cpc_codes,claim_count,independent_claim_count,has_full_text,tags
"","EP2197548","EP","2012-11-14","DIRECT VISUALIZATION ROBOTIC INTRA-OPERATIVE RADIATION THERAPY APPLICATOR DEVICE","A61N5/1001, A61N5/1067, A61N2005/1052",0,0,"No",""
"","EP3162318","EP","2019-10-16","AUXILIARY IMAGE DISPLAY AND MANIPULATION ON A COMPUTER DISPLAY IN A MEDICAL ROBOTIC SYSTEM","A61B34/37, A61B18/1482, A61B34/10",0,0,"No",""
"","EP3582674","EP","2022-05-04","SURGICAL VISUALIZATION AND MEDICAL IMAGING DEVICES USING NEAR INFRARED FLUORESCENT POLYMERS","A61B1/043, A61B1/267, A61B34/30",0,0,"No",""
"","EP4103080","EP","2024-12-04","AIRFLOW CHANNELS AND PATTERNS IN LUMEN FOR CANNULA","A61B17/3421, A61B17/3417, A61B17/3474",0,0,"No",""
"","EP4137082","EP","2026-03-11","APPARATUS AND METHOD TO INSPECT MICROLUMEN OF CATHETER","A61B18/1492, A61B1/121, A61B2217/002",0,0,"No",""
"","US10137575","US","2018-11-27","Synthetic representation of a surgical robot","G16H20/40, A61B34/20, A61B34/25",0,0,"Yes",""
"","US10258425","US","2019-04-16","Medical robotic system providing an auxiliary view of articulatable instruments extending out of a distal end of an entry guide","A61B2017/00119, A61B90/36, A61B34/20",0,0,"No",""
"","US10271909","US","2019-04-30","Display of computer generated image of an out-of-view portion of a medical device adjacent a real-time image of an in-view portion of the medical device","A61B34/30, A61B1/0005, A61B1/3132",0,0,"No",""
"","US10271912","US","2019-04-30","Method and system for moving a plurality of articulated instruments in tandem back towards an entry guide","A61B34/30, A61B1/00087, A61B1/00193",0,0,"No",""
"","US10271915","US","2019-04-30","Application of force feedback on an input device to urge its operator to command an articulated instrument to a preferred pose","A61B34/76, A61B34/25, A61B34/30",0,0,"No",""
"","US10582974","US","2020-03-10","Estimation of a position and orientation of a frame used in controlling movement of a tool","A61B34/30, A61B34/37, A61B90/361",0,0,"Yes",""
"","US10772689","US","2020-09-15","Controller assisted reconfiguration of an articulated instrument during movement into and out of an entry guide","A61B34/30, A61B34/25, A61B34/32",0,0,"No",""
"","US10984567","US","2021-04-20","Rendering tool information as graphic overlays on displayed images of tools","A61B34/20, A61B2034/2061, A61B2090/371",0,0,"No",""
"","US11304760","US","2022-04-19","Customized kit assembly for surgical implants","A61F2/30942, A61B34/10, A61B34/37",0,0,"No",""
"","US11382702","US","2022-07-12","Medical robotic system providing an auxiliary view including range of motion limitations for articulatable instruments extending out of a distal end of an entry guide","A61B1/00183, A61B1/018, A61B1/04",0,0,"No",""
"","US11389255","US","2022-07-19","Providing information of tools by filtering image areas adjacent to or on displayed images of the tools","A61B34/30, A61B34/37, A61B90/361",0,0,"No",""
"","US11399908","US","2022-08-02","Medical robotic system with coupled control modes","A61B34/37, A61B1/00087, A61B1/00193",0,0,"No",""
"","US11464573","US","2022-10-11","Methods and systems for real-time robotic surgical assistance in an operating room","G16H20/40, A61B5/0033, A61B5/004",0,0,"No",""
"","US11464589","US","2022-10-11","Robotic system and method for performing latency managed telesurgery","A61B34/35, G16H20/40, G16H40/20",0,0,"No",""
"","US11464590","US","2022-10-11","Robotic surgery system with tool edge sensors for edge computing","A61B34/35, A61B17/1626, A61B34/37",0,0,"No",""
"","US11497436","US","2022-11-15","Systems, methods, and bone mapper devices for real-time mapping and analysis of bone tissue","A61B5/0095, A61B5/0205, A61B5/4509",0,0,"No",""
"","US11510733","US","2022-11-29","Placement of surgical implants","A61B34/10, A61B34/20, A61B34/32",0,0,"No",""
"","US11571266","US","2023-02-07","Robotic surgical system for insertion of surgical implants","A61B34/32, A61B5/353, A61B5/355",0,0,"No",""
"","US11596482","US","2023-03-07","System and method for surgical performance tracking and measurement","G06N3/08, A61B90/361, A61B2034/102",0,0,"No",""
"","US11684488","US","2023-06-27","Synchronized placement of surgical implant hardware","A61B34/20, A61B5/01, A61B5/0205",0,0,"No",""
"","US11696761","US","2023-07-11","Firing drive arrangements for surgical systems","A61B17/29, A61B17/07207, A61B2017/00017",0,0,"No",""
"","US11717365","US","2023-08-08","Laparoscopic ultrasound robotic surgical system","A61B34/37, A61B8/00, A61B8/12",0,0,"Yes",""
"","US11786313","US","2023-10-17","Apparatus for robotic joint arthroscopic surgery","A61B34/35, A61B34/10, A61B34/20",0,0,"No",""
"","US11844575","US","2023-12-19","Digital image analysis for robotic installation of surgical implants","A61B34/10, A61B1/000094, A61B18/14",0,0,"No",""
"","US11850093","US","2023-12-26","Surgical system with combined laser ablation/ imaging tool","A61B8/4488, A61B8/12, A61B8/445",0,0,"No",""
"","US11896328","US","2024-02-13","Robotic arthroscopic surgery for joint repair","A61B34/30, A61B34/10, A61B34/25",0,0,"No",""
"","US11896329","US","2024-02-13","Robotic arthroscopic surgery with machine learning","A61B34/30, A61B1/000096, A61B1/00194",0,0,"No",""
"","US11908566","US","2024-02-20","Edge computing for robotic telesurgery using artificial intelligence","B25J9/163, G05B2219/40168, G05B2219/40174",0,0,"No",""
"","US11918212","US","2024-03-05","Surgical instrument with selectively disengageable drive systems","A61B17/07207, A61B17/07292, A61B2017/07242",0,0,"No",""
"","US11918296","US","2024-03-05","Digital image analysis for in vivo robotic assembly of multi-component implants","A61B34/10, A61B34/25, A61B34/37",0,0,"No",""
"","US11918310","US","2024-03-05","Interactive extended-reality system for robotic medicine","A61B34/35, A61B34/25, A61B34/30",0,0,"No",""
"","US11931118","US","2024-03-19","Robotic surgical system for remotely monitoring surgical robots","A61B34/37, A61B34/25, B25J9/163",0,0,"No",""
"","US11957423","US","2024-04-16","Multi-arm surgical robotic system","G16H20/40, G16H40/20, G16H40/63",0,0,"No",""
"","US11998281","US","2024-06-04","Extended-reality operating room for robotic surgery","A61B34/10, A61B90/36, A61B90/361",0,0,"No",""
"","US12035988","US","2024-07-16","In situ end effector tool changer","A61B34/10, A61B34/20, A61B34/25",0,0,"No",""
"","US12076017","US","2024-09-03","Surgical instrument including a deployable knife","A61B17/105, A61B17/068, A61B17/07292",0,0,"No",""
"","US12201369","US","2025-01-21","Interactive extended-reality apparatuses for robotic surgery","A61B34/10, A61B34/20, A61B34/25",0,0,"No",""
"","US12239396","US","2025-03-04","Medical robotic system providing an auxiliary view including range of motion limitations for articulatable instruments extending out of a distal end of an entry guide","A61B90/361, A61B1/00149, A61B1/00183",0,0,"No",""
"","US12245822","US","2025-03-11","Surgical robot evolution and handoff","A61B34/10, A61B34/20, A61B34/30",0,0,"No",""
"","US12245826","US","2025-03-11","Robotic surgical systems with multi-modality imaging for performing surgical steps","A61B34/30, A61B5/0022, A61B5/0035",0,0,"No",""
"","US12266040","US","2025-04-01","Rendering tool information as graphic overlays on displayed images of tools","A61B34/25, A61B34/30, A61B34/37",0,0,"No",""
"","US12303125","US","2025-05-20","Methods, systems and devices for storing suture needles and using robotics for delivering selected suture needles to surgical sites","A61B17/06119, A61B17/062, A61B34/30",0,0,"No",""
"","US12357152","US","2025-07-15","Artificial intelligence-based medical 3D scanner","A61B1/000094, A61B1/00, A61B1/00193",0,0,"No",""
"","US12357400","US","2025-07-15","Synthetic representation of a surgical robot","A61B34/30, A61B34/20, A61B34/37",0,0,"No",""
"","US12440208","US","2025-10-14","Powered surgical instrument","A61B17/07207, A61B18/1445, A61B90/98",0,0,"No",""
"","US12508094","US","2025-12-30","Curved gimbal link geometry","A61B34/74, A61B34/35, A61B34/37",0,0,"No",""
"","US12582480","US","2026-03-24","Digital image analysis for robotic installation of surgical implants","A61B34/37, A61B34/30, A61B2034/2055",0,0,"No",""
"","US12605209","US","2026-04-21","Minimally invasive telesurgical systems with interactive user interfaces for 3D operative images","A61B34/10, A61B1/00193, A61B8/12",0,0,"No",""
"","US20070293734","US","2007-12-20","METHODS AND APPARATUS FOR SURGICAL PLANNING","A61B34/10, A61B34/25, A61B34/30",0,0,"Yes",""
"","US20110166706","US","2011-07-07","MEDICAL ROBOTIC SYSTEM WITH SLIDING MODE CONTROL","A61B34/70, A61B34/30, A61B34/37",0,0,"Yes",""
"","US20110201885","US","2011-08-18","ENVIRONMENT PROPERTY ESTIMATON AND GRAPHICAL DISPLAY","A61B90/37, A61B34/10, A61B34/30",0,0,"No",""
"","US20120109377","US","2012-05-03","AUTOFOCUS AND/OR AUTOSCALING IN TELESURGERY","A61B1/00188, A61B34/30, A61B34/35",0,0,"No",""
"","US20120290005","US","2012-11-15","SUTURE FASTENING DEVICE","A61B17/062, A61B17/0469, A61B17/0483",0,0,"No",""
"","US20130267969","US","2013-10-10","CONTROL INTERFACE FOR LAPAROSCOPIC SUTURING INSTRUMENT","A61B17/0469, A61B17/0491, A61B17/0625",0,0,"No",""
"","US20140253684","US","2014-09-11","VISUALIZATION OF REGISTERED SUBSURFACE ANATOMY","A61B1/000094, A61B1/3132, A61B34/30",0,0,"No",""
"","US20150289755","US","2015-10-15","MULTI-VIEW IMAGING SYSTEM FOR LAPAROSCOPIC SURGERY","A61B1/00096, A61B1/00179, A61B1/00193",0,0,"No",""
"","US20160184605","US","2016-06-30","Direct visualization Robotic Intra-Operative Radiation Therapy Device with Radiation Ablation Capsule and Shutter System","A61N5/1083, A61N5/1014, A61N5/1042",0,0,"No",""
"","US20180042680","US","2018-02-15","INTERACTIVE USER INTERFACES FOR MINIMALLY INVASIVE TELESURGICAL SYSTEMS","A61B1/0005, A61B1/000094, A61B1/0004",0,0,"No",""
"","US20180214222","US","2018-08-02","WIRELESS FORCE SENSOR ON A DISTAL PORTION OF A SURGICAL INSTRUMENT AND METHOD","A61B34/30, A61B34/35, A61B34/37",0,0,"No",""
"","US20190336226","US","2019-11-07","TRAINING SYSTEM FOR ROBOT-ASSISTED LAPAROSCOPIC SURGERY","G09B23/285, A61B34/35, A61B34/74",0,0,"No",""
"","US20200113639","US","2020-04-16","MASTER OPERATION INPUT DEVICE AND MASTER-SLAVE MANIPULATOR","A61B34/74, A61B34/37, A61B2034/741",0,0,"No",""
"","US20200405418","US","2020-12-31","SURGICAL SIMULATION SYSTEM USING FORCE SENSING AND OPTICAL TRACKING AND ROBOTIC SURGERY SYSTEM","A61B34/35, A61B18/00, A61B34/30",0,0,"No",""
"","US20210137636","US","2021-05-13","DEVICE FOR PROVIDING AN INTERFACE BETWEEN A MEDICAL INSTRUMENT AND A PART OF A HUMAN OR ANIMAL BODY AND METHODS OF USE THEREOF","A61B90/37, A61B8/4209, A61B8/4444",0,0,"No",""
"","US20210282887","US","2021-09-16","SURGICAL AUGMENTED REALITY","A61B34/37, A61B34/20, A61B90/361",0,0,"No",""
"","US20230014454","US","2023-01-19","FORMING A CUSTOM FITTED MESH BASED ON A TOPOGRAPHICAL MAP OF A PATIENT'S ABDOMINAL CAVITY","B33Y80/00, B33Y50/02, A61B34/30",0,0,"No",""
"","US20230100415","US","2023-03-30","SURGICAL SEALING SYSTEMS FOR INSTRUMENT STABILIZATION","A61B5/0075, A61B17/3423, A61B17/3462",0,0,"No",""
"","US20230181258","US","2023-06-15","ROBOTIC SURGICAL SYSTEM FOR INSERTION OF SURGICAL IMPLANTS","A61B34/10, A61B5/08, A61B5/145",0,0,"No",""
"","US20230215554","US","2023-07-06","SYSTEM FOR MAINTAINING AND CONTROLLING SURGICAL TOOLS","A61B34/30, A61B5/6846, A61B5/741",0,0,"No",""
"","US20230270562","US","2023-08-31","SYNCHRONIZED PLACEMENT OF SURGICAL IMPLANT HARDWARE","G06F30/20, A61B5/0022, A61B5/02055",0,0,"No",""
"","US20240050232","US","2024-02-15","Methods and system for cartilage restoration","A61B34/10, A61B2034/102, A61B2034/105",0,0,"No",""
"","US20240122649","US","2024-04-18","DIGITAL IMAGE ANALYSIS FOR DEVICE NAVIGATION IN TISSUE","A61B34/10, A61B5/0036, A61B5/004",0,0,"No",""
"","US20240238617","US","2024-07-18","INTRA-OPERATIVE RADIATION THERAPY CAPSULE WITH CYLINDRICAL SHELL RADIATION CONTAINMENT SHUTTER SYSTEM","A61B34/35, A61B90/361, A61B90/37",0,0,"No",""
"","US20240245458","US","2024-07-25","APPARATUS FOR ROBOTIC JOINT ARTHROSCOPIC SURGERY","A61B34/10, A61B34/25, A61B34/30",0,0,"No",""
"","US20240398479","US","2024-12-05","ROBOTIC SURGICAL SYSTEM FOR VIRTUAL REALITY BASED ROBOTIC TELESURGICAL OPERATIONS","A61B90/36, A61B34/10, A61B34/25",0,0,"No",""
"","US20250009432","US","2025-01-09","DIGITAL IMAGE ANALYSIS FOR DEVICE NAVIGATION IN TISSUE","A61B34/10, A61B34/20, A61B2034/104",0,0,"No",""
"","US20250032204","US","2025-01-30","COMPUTERIZED CONTROL AND NAVIGATION OF A ROBOTIC SURGICAL APPARATUS","A61B34/25, A61B34/10, A61B34/20",0,0,"No",""
"","US20250255678","US","2025-08-14","SYSTEM FOR TRANSCRIBING AND PERFORMING ANALYSIS ON PATIENT DATA","G06V10/70, A61B90/90, A61B90/98",0,0,"No",""
"","US7741802","US","2010-06-22","Medical robotic system with programmably controlled constraints on error dynamics","B25J9/1689, A61B34/30, A61B34/37",0,0,"No",""
"","US8398541","US","2013-03-19","Interactive user interfaces for robotic minimally invasive surgical systems","G16H20/40, A61B8/00, A61B8/12",0,0,"No",""
"","US8864752","US","2014-10-21","Control system configured to compensate for non-ideal actuator-to-joint linkage characteristics in a medical robotic system","A61B34/30, A61B34/37, A61B34/71",0,0,"No",""
"","US8920300","US","2014-12-30","Direct visualization robotic intra-operative radiation therapy device with radiation ablation capsule","A61N5/1001, A61N2005/1052, A61N2005/1055",0,0,"No",""
"","US9066737","US","2015-06-30","Method for moving an instrument arm of a laparoscopy robot into a predeterminable relative position with respect to a trocar","A61B34/30, A61B90/11, A61B2034/2055",0,0,"No",""
"","US9241767","US","2016-01-26","Method for handling an operator command exceeding a medical device state limitation in a medical robotic system","A61B34/37, A61B34/30, A61B34/35",0,0,"No",""
"","US9439556","US","2016-09-13","Intelligent autonomous camera control for robotics with medical, military, and space applications","B25J9/1682, A61B1/00149, A61B1/00188",0,0,"No",""
"","US9622826","US","2017-04-18","Medical robotic system providing sensory feedback indicating a difference between a commanded state and a preferred pose of an articulated instrument","A61B34/37, A61B34/25, A61B34/30",0,0,"No",""
"","US9629520","US","2017-04-25","Method and system for moving an articulated instrument back towards an entry guide while automatically reconfiguring the articulated instrument for retraction into the entry guide","A61B1/00193, A61B1/0055, A61B1/018",0,0,"No",""
"","US9718190","US","2017-08-01","Tool position and identification indicator displayed in a boundary area of a computer display screen","B25J9/1692, A61B1/00009, A61B1/0005",0,0,"No",""
"","US9786202","US","2017-10-10","Robot assisted surgical training","G09B23/28, G09B23/30, G09B23/28",0,0,"No",""
"","US9788909","US","2017-10-17","Synthetic representation of a surgical instrument","A61B34/20, A61B34/30, A61B34/37",0,0,"No",""
"","WO2005074303","WO","2005-08-11","STEREOSCOPIC PROJECTION-BASED DISPLAY FOR SURGICAL ROBOT","A61B34/35, A61B34/70, A61B90/361",0,0,"No",""
"","WO2007114868","WO","2007-10-11","METHOD FOR TRACKING AND REPORTING USAGE EVENTS TO DETERMINE WHEN PREVENTIVE MAINTENANCE IS DUE FOR A MEDICAL ROBOTIC SYSTEM","G16H40/40, A61B34/30, A61B34/37",0,0,"No",""
"","WO2012060901","WO","2012-05-10","SYSTEM AND METHOD FOR THE EVALUATION OF OR IMPROVEMENT OF MINIMALLY INVASIVE SURGERY SKILLS","A61B34/35, A61B2017/00707, G09B23/285",0,0,"No",""
"","WO2018148464","WO","2018-08-16","INTRA-OPERATIVE RADIATION THERAPY CAPSULE WITH CYLINDRICAL SHELL RADIATION CONTAINMENT SHUTTER SYSTEM","A61B34/35, A61B34/30, A61B90/361",0,0,"No",""
"","WO2019032984","WO","2019-02-14","MEDICAL APPARATUS WITH OPTICAL SENSING, AND RELATED DEVICES AND METHODS","A61B17/29, A61B2017/00075, A61B2017/00119",0,0,"No",""
"","WO2022011177","WO","2022-01-13","HEMOSTASIS METHODS AND APPARATUSES","A61B34/30, A61B1/00082, A61B1/015",0,0,"No",""
"","WO2022109176","WO","2022-05-27","SYSTEMS AND METHODS FOR SURGICAL DATA CENSORSHIP","G06V20/35, G06V10/764, G06V10/766",0,0,"No",""
"","WO2023052931","WO","2023-04-06","SURGICAL SEALING SYSTEMS FOR INSTRUMENT STABILIZATION","A61B17/3423, A61B1/00006, A61B1/000094",0,0,"No",""
"","WO2023052932","WO","2023-04-06","SURGICAL SEALING DEVICES FOR A NATURAL BODY ORIFICE","A61B2017/3466, A61B2017/347, A61B17/3423",0,0,"No",""
"","WO2023052961","WO","2023-04-06","SURGICAL SYSTEMS WITH PORT DEVICES FOR INSTRUMENT CONTROL","A61B17/3423, A61B17/3462, A61B34/20",0,0,"No",""
"","WO2024118995","WO","2024-06-06","SYSTEMS AND METHODS FOR CONTROLLING SURGICAL SYSTEMS USING NATURAL LANGUAGE","G16H20/40, A61B1/00006, A61B34/37",0,0,"No",""
"","WO2025058939","WO","2025-03-20","WIPER FOR CLEANING A SURFACE AND CLEANING DEVICES COMPRISING SAME","A61B1/126, A61B1/00042, A61B90/70",0,0,"No",""
