lens_id,pub_key,jurisdiction,date_published,title,applicants,cpc_codes,claim_count,independent_claim_count
088-645-276-252-155,N/A,EP,2026-04-01,,LIVSMED INC,A61B17/07207 | A61B17/2909 | A61B2017/291 | A61B2017/2911 | A61B2017/2927,0,0
191-974-028-561-54X,N/A,US,2026-03-05,,KOVAL JULIETTE,G16H20/30 | G16H20/40 | G16H20/10 | G06F16/9535 | G16H50/20,20,20
019-287-635-072-931,N/A,EP,2026-02-25,,LIVSMED INC,A61B17/07207 | A61B17/2909 | A61B2017/291 | A61B2017/2911 | A61B2017/2927,19,19
077-140-786-367-582,N/A,US,2026-02-10,,LIVSMED INC,A61B17/07207 | A61B17/2909 | A61B2017/291 | A61B2017/2911 | A61B2017/2927,72,72
038-110-384-806-544,N/A,US,2026-01-27,,STRYKER CORP,A61B17/8802 | A61B17/8833 | A61B2017/8838 | B01F27/0725 | B01F27/091,10,10
141-080-938-666-766,N/A,CN,2026-01-13,,SINOVATION BEIJING MEDICAL EQUIPMENT CO LTD,,0,0
023-146-253-175-084,N/A,CN,2026-01-06,,SHAANXI XINMAI MEDICAL TECH CO LTD,A61B34/10 | G06F30/28 | A61B2034/105 | A61B2034/107 | A61B2034/108,0,0
098-681-724-058-796,N/A,US,2026-01-06,,VERB SURGICAL INC,A61B34/30 | A61B2017/00203 | A61B2017/00216 | A61B2034/305 | A61B2034/742,19,19
140-250-254-588-042,N/A,CN,2025-12-26,,NO 928 HOSPITAL OF PLA LOGISTIC FORCE,,0,0
164-359-614-876-268,N/A,JP,2025-12-23,,LIVSMED INC,A61B2017/00424 | A61B2017/291 | A61B2017/2908 | A61B34/71 | A61B17/2909,0,0
099-082-755-671-050,N/A,US,2025-12-04,,LIVSMED INC,A61B17/00 | A61B2017/00398 | A61B2017/00367 | A61B2017/00464 | A61B2017/00473,20,20
118-375-439-076-598,N/A,JP,2025-12-03,,CREA IP B V,A61B2017/00973 | G05G1/305 | H01H3/14 | A61B2017/00371 | A61F9/008,0,0
044-881-784-581-05X,N/A,CN,2025-11-25,,THE FIRST MEDICAL CENTER OF CHINESE PLA GENERAL HOSPITAL,G06F3/017 | G06F3/04815 | G06F2203/04802 | G06N3/0464 | G06V10/82,0,0
089-632-891-447-273,N/A,CN,2025-11-14,,SHENZHEN JINGFENG MEDICAL TECH CO LTD,A61B34/37 | A61B34/70 | A61B34/74 | A61B2034/743 | A61B2034/744,0,0
115-163-782-322-342,N/A,CN,2025-11-11,,BAYANNUR HOSPITAL,A61B34/70 | A61B1/313 | A61B17/00234 | A61B34/30 | A61B2017/00353,0,0
005-360-127-769-134,N/A,JP,2025-11-07,,LIVSMED INC,A61B17/29 | A61B34/71 | A61B2017/2912 | A61B2017/2923 | A61B2017/2925,0,0
110-848-222-290-530,N/A,CN,2025-10-17,,DEDAO MEDICAL EQUIPMENT HANGZHOU CO LTD,A61B18/04 | A61B2018/00791 | A61B2018/00875 | A61B2018/00898,0,0
101-913-696-149-194,N/A,WO,2025-10-16,,UNIV FUZHOU,A61B34/30 | A61B18/24 | A61B18/26 | A61B34/70 | A61B2018/00517,10,10
110-721-430-801-798,N/A,JP,2025-10-15,,LIVSMED INC,A61B18/1445 | A61B34/30 | A61B34/37 | A61B34/71 | A61B2017/2936,0,0
167-239-405-649-096,N/A,US,2025-10-09,,UNIV FUZHOU,A61B34/30 | A61B1/00133 | A61B1/307 | A61B2034/301 | A61B2034/303,10,10
163-305-050-261-195,N/A,AU,2025-10-09,,FELEKE MESALIE MISS,A61B1/0646 | A61B1/0661 | A61B1/313 | A61B2090/365,0,0
004-615-726-865-596,N/A,US,2025-10-02,,PITKIN MARK; PARK HANGUE; PRILUTSKY BORIS; RAYKHTSAUM GRIGORY,A61F2/72 | A61F2/60 | A61F2/6607 | A61F2/70 | A61F2002/4632,17,17
190-841-018-116-930,N/A,WO,2025-09-25,,INTUITIVE SURGICAL OPERATIONS,A61B34/37 | A61B34/74 | A61B2017/00477,1,1
020-464-842-660-322,N/A,US,2025-09-16,,LIVSMED INC,A61B17/00 | A61B2017/00398 | A61B2017/00367 | A61B2017/00464 | A61B2017/00473,17,17
030-959-972-060-63X,N/A,US,2025-09-04,,LIVSMED INC,A61B17/07207 | A61B2017/2927 | A61B2017/2937 | A61B2017/2936 | A61B2017/291,19,19
005-582-741-961-541,N/A,US,2025-09-02,,ECOLE POLYTECHNIQUE FED LAUSANNE EPFL,A61B34/30 | A61B34/71 | A61B2017/2906 | A61B2090/371 | Y10T74/18848,15,15
154-589-509-244-091,N/A,US,2025-08-26,,VERB SURGICAL INC,A61B34/25 | A61B34/32 | A61B34/35 | A61B34/74 | A61B90/361,20,20
100-100-360-384-348,N/A,US,2025-08-21,,KB MEDICAL SA,A61B34/30 | A61B34/10 | A61B34/20 | A61B34/70 | A61B90/06,20,20
036-314-932-791-737,N/A,JP,2025-08-05,,LIVSMED INC,A61B17/07207 | A61B17/2909 | A61B2017/291 | A61B2017/2911 | A61B2017/2927,0,0
166-412-498-678-653,N/A,CN,2025-08-01,,CHENGDU JIANFEI MEDICAL TECH CO LTD,A61B34/10 | A61B34/20 | A61B2034/105 | A61B2034/107 | A61B2034/2046,0,0
082-474-072-088-670,N/A,CN,2025-07-29,,MEDCAPTAIN MEDICAL TECH CO LTD,A61B1/00009 | A61B1/00045 | A61B1/00071 | A61B1/04 | G02B23/2446,0,0
110-601-880-396-228,N/A,US,2025-07-24,,LIVSMED INC,A61B17/07207 | A61B34/71 | A61B2017/07271 | A61B2017/07278 | A61B2017/07285,24,24
079-816-119-153-222,N/A,US,2025-07-08,,LIVSMED INC,A61B17/07207 | A61B2017/2927 | A61B2017/2937 | A61B2017/2936 | A61B2017/291,14,14
150-208-170-318-25X,N/A,JP,2025-07-08,,LIVSMED INC,A61B17/07207 | A61B2017/2927 | A61B2017/2937 | A61B2017/2936 | A61B2017/291,0,0
140-422-456-348-176,N/A,US,2025-07-01,,ZIMMER SPINE INC; ZIMMER BIOMET SPINE INC,A61B17/708 | A61B17/1655 | A61B17/1671 | A61B17/1757 | A61B17/701,20,20
058-130-749-684-767,N/A,JP,2025-06-24,,LIVSMED INC,A61B2017/00323 | A61B2017/291 | A61B2017/2927 | A61B2017/00738 | A61B2017/2932,0,0
098-524-889-619-222,N/A,US,2025-06-17,,LIVSMED INC,A61B17/07207 | A61B2017/2927 | A61B2017/2937 | A61B2017/2936 | A61B2017/291,22,22
133-313-847-095-042,N/A,CN,2025-06-10,,UNION HOSPITAL TONGJI MEDICAL COLLEGE HUAZHONG UNIV SCI & TECH,A61B90/39 | A61B17/072 | A61B2017/07271 | A61B2017/07278 | A61B2090/3908,0,0
037-788-942-310-002,N/A,CN,2025-05-23,,BEIJING ROSSUM ROBOT TECHNOLOGY CO LTD,,0,0
166-151-741-507-406,N/A,US,2025-05-20,,LIVSMED INC,A61B17/07207 | A61B34/71 | A61B2017/07271 | A61B2017/07278 | A61B2017/07285,23,23
080-114-760-324-276,N/A,US,2025-05-13,,KB MEDICAL SA,A61B34/30 | A61B34/10 | A61B34/20 | A61B34/70 | A61B90/06,20,20
137-207-678-634-653,N/A,US,2025-05-06,,UNIK ORTHOPEDICS INC,A61B34/30 | A61B34/76 | A61B17/15 | A61B17/1659 | A61B17/1666,15,15
012-425-019-023-667,N/A,AU,2025-04-17,,STRYKER CORP,G16H40/20 | A61B90/90 | A61B90/98 | A61B2090/0804 | G06Q10/087,0,0
126-149-130-473-135,N/A,CN,2025-04-01,,STRYKER CORP,A61B17/8802 | A61B17/8833 | A61B2017/8838 | B01F27/0725 | B01F27/091,0,0
090-178-412-353-236,N/A,US,2025-03-13,,ORBSURGICAL LTD,G06F16/9024 | A61B18/12 | A61B34/30 | G06F16/90332 | G06F16/90335,21,21
012-305-339-278-830,N/A,CN,2025-03-11,,BEIJING ZHONGKE HONGTAI MEDICAL TECH CO LTD,A61B34/35 | A61B34/30 | A61B2034/301,0,0
176-051-256-522-56X,N/A,CN,2025-03-11,,BEIJING ZHONGKE HONGTAI MEDICAL TECH CO LTD,A61B34/30 | A61B2034/301,0,0
194-323-068-929-265,N/A,CN,2025-03-11,,BEIJING ZHONGKE HONGTAI MEDICAL TECH CO LTD,A61B34/35 | A61B34/30 | A61B2034/301,0,0
131-690-060-981-244,N/A,US,2025-03-06,,LIVSMED INC,A61B17/07207 | A61B2017/2927 | A61B2017/2937 | A61B2017/2936 | A61B2017/291,22,22
051-604-814-862-054,N/A,CN,2025-02-28,,MEDICAL MICROINSTRUMENTS S R L,A61B34/37 | A61B34/35 | A61B34/74 | A61B2017/00725 | A61B2560/0223,0,0
091-735-058-941-996,N/A,WO,2025-02-13,,FUTURTEC SUZHOU MEDICAL TECH CO LTD,A61B34/10 | A61B17/16 | A61B17/1659 | A61B34/20 | A61B34/30,11,11
110-860-239-663-753,N/A,CN,2025-02-11,,UNIV JILIN,A61B6/032 | A61B6/50 | A61B6/52 | A61B6/5258 | A61B90/08,0,0
169-729-972-326-677,N/A,CN,2025-01-24,,BEIJING ZHONGKE HONGTAI MEDICAL TECH CO LTD,,0,0
096-069-189-808-909,N/A,US,2025-01-09,,UNIK ORTHOPEDICS INC,A61B17/154 | A61B34/30 | A61B2017/568 | A61B17/1764 | A61B17/1746,14,14
113-489-834-088-760,N/A,US,2025-01-09,,LIVSMED INC,A61B18/1445 | A61B18/14 | A61B18/1482 | A61B34/30 | A61B34/71,22,22
173-469-375-831-794,N/A,KR,2024-12-16,,재단법인 대구경북첨단의료산업진흥재단; 주식회사 에스씨컴퍼니,A61B17/29 | A61B17/2909 | A61B2017/2905 | A61B2017/291 | A61B2017/2932,0,0
146-842-276-611-183,N/A,CN,2024-12-06,,UNIV HEFEI TECHNOLOGY,G06T17/20 | G06N3/0464 | G06N3/09 | G06T7/0012 | G06T7/33,0,0
171-680-540-048-041,N/A,CN,2024-11-26,,LIVSMED INC,A61B17/00 | A61B2017/00398 | A61B2017/00367 | A61B2017/00464 | A61B2017/00473,0,0
049-455-690-455-570,N/A,CN,2024-11-19,,CHENGDU HENGMEISHENG BIOTECHNOLOGY CO LTD,C08G63/02 | A61K9/4866 | A61L17/105 | A61L27/18 | C08G63/08,0,0
133-539-888-213-182,N/A,CN,2024-11-12,,HUNAN JIUYANG MEDICAL DEVICE TECH CO LTD,A61B34/20 | A61B34/10 | A61B2034/105 | A61B2034/107 | A61B2034/108,0,0
182-283-333-606-522,N/A,US,2024-11-12,,LIVSMED INC,A61B18/1445 | A61B18/14 | A61B18/1482 | A61B34/30 | A61B34/71,20,20
162-947-458-331-810,N/A,CN,2024-10-29,,BEIJING WANTEFU MEDICAL INSTR CO LTD,A61B34/20 | A61B1/00009 | A61B1/313 | A61B34/25 | A61B34/30,0,0
137-577-822-056-826,N/A,US,2024-10-22,,UNIK ORTHOPEDICS INC,A61B17/154 | A61B34/30 | A61B17/1746 | A61B17/15 | A61B17/17,10,10
009-919-380-266-389,N/A,CN,2024-10-18,,HANGZHOU RUIDI BIOLOGICAL TECH CO LTD,G16H30/00 | A61B18/12 | A61B34/20 | A61B90/361 | A61B90/37,0,0
034-783-490-151-001,N/A,US,2024-10-15,,KB MEDICAL SA,A61B34/30 | A61B34/10 | A61B34/20 | A61B34/70 | A61B90/06,20,20
056-682-786-938-167,N/A,CN,2024-10-15,,SINOVATION BEIJING MEDICAL EQUIPMENT CO LTD,A61B34/20 | A61B34/30 | A61B2034/2055 | G06T7/73 | G06T2207/10028,0,0
194-321-336-198-878,N/A,CN,2024-10-11,,ZHIWEI SHENZHEN MEDICAL TECH CO LTD,A61B17/00234 | A61B17/00491 | A61B2017/00305 | A61B2017/00323 | A61B2017/005,0,0
118-892-698-740-233,N/A,US,2024-10-10,,UNIV VIRGINIA PATENT FOUNDATION,G16H40/40 | A61B90/98 | A61B2090/0804 | G06N3/044 | G06N3/0464,60,60
145-505-768-063-976,N/A,CN,2024-10-01,,SHENZHEN LIANKE HANWEI MEDICAL TECH CO LTD,,0,0
174-977-368-679-250,N/A,CN,2024-09-24,,UNIV PLA AIR FORCE MEDICAL,,0,0
020-343-507-709-650,N/A,US,2024-09-19,,VERB SURGICAL INC,A61B34/30 | A61B2017/00203 | A61B2017/00216 | A61B2034/305 | A61B2034/742,19,19
131-980-543-048-331,N/A,US,2024-09-17,,LIVSMED INC,A61B17/07207 | A61B17/2909 | A61B2017/291 | A61B2017/2911 | A61B2017/2927,20,20
142-505-846-759-890,N/A,JP,2024-09-12,,LIVSMED INC,A61B17/2909 | A61B17/29 | A61B34/71 | A61B2017/00323 | A61B2017/2911,0,0
082-658-662-430-049,N/A,US,2024-08-29,,LIVSMED INC,A61B17/07207 | A61B34/71 | A61B2017/07271 | A61B2017/07278 | A61B2017/07285,23,23
140-790-508-974-590,N/A,CN,2024-08-16,,SHENZHEN LIANKE HANWEI MEDICAL TECH CO LTD,,0,0
125-568-695-736-019,N/A,CN,2024-08-16,,BEIJING ROSSUM ROBOT TECHNOLOGY CO LTD,A61B17/7233 | A61B17/725 | A61B17/90 | A61B17/921,0,0
021-639-986-188-491,N/A,US,2024-08-01,,LIVSMED INC,A61B17/07207 | A61B17/2909 | A61B2017/291 | A61B2017/2911 | A61B2017/2927,73,73
054-834-548-429-356,N/A,CN,2024-07-12,,SHENZHEN JINGFENG MEDICAL TECH CO LTD,A61J15/0084 | A61B34/30 | A61B34/70 | A61B2034/301 | A61B2034/303,0,0
177-272-396-573-962,N/A,US,2024-07-11,,LIVSMED INC,A61B17/07207 | A61B17/2909 | A61B2017/291 | A61B2017/2911 | A61B2017/2927,20,20
157-280-695-144-417,N/A,CN,2024-07-09,,UNIV FUZHOU,A61B34/30 | A61B18/24 | A61B18/26 | A61B34/70 | A61B2018/00517,0,0
010-592-517-659-583,N/A,CN,2024-07-05,,CHANGZHOU KANGHUI MEDICAL INNOVATION CO LTD,A61B34/20 | A61B1/317 | A61B17/00234 | A61B34/30 | A61B2034/2065,0,0
015-358-291-707-867,N/A,CN,2024-07-05,,CHONGQING INST GREEN & INTELLIGENT TECH CAS,G16H50/20 | G06N3/0464 | G06N3/0895 | G06N3/092 | G16H50/30,0,0
132-822-978-077-708,N/A,US,2024-07-02,,VERB SURGICAL INC,A61B34/30 | A61B2017/00203 | A61B2017/00216 | A61B2034/305 | A61B2034/742,19,19
052-584-129-646-581,N/A,TW,2024-07-01,,SAVFE CO LTD,A61B90/37 | A61B34/20 | A61B90/11 | A61B2017/00216 | A61B2034/2057,0,0
079-926-858-924-307,N/A,JP,2024-06-25,,LIVSMED INC,A61B17/00 | A61B2017/00398 | A61B2017/00367 | A61B2017/00464 | A61B2017/00473,0,0
008-251-830-485-551,N/A,US,2024-06-20,,LIVSMED INC,A61B17/07207 | A61B2017/2927 | A61B2017/2937 | A61B2017/2936 | A61B2017/291,16,16
187-424-811-751-360,N/A,EP,2024-06-05,,LIVSMED INC,A61B17/07207 | A61B34/71 | A61B2017/07271 | A61B2017/07278 | A61B2017/07285,138,138
048-296-379-090-159,N/A,CN,2024-05-31,,ZHONGNAN HOSPITAL OF WUHAN UNIVERSITY; UNIV SOUTHEAST,G06V20/52 | G06N3/0464 | G06N3/084 | G06N5/04 | G06V10/764,0,0
098-971-201-368-168,N/A,EP,2024-05-22,,LIVSMED INC,A61B17/07207 | A61B17/2909 | A61B2017/291 | A61B2017/2911 | A61B2017/2927,92,92
048-847-983-361-769,N/A,WO,2024-05-16,,STRYKER CORP,G16H40/20 | A61B90/90 | A61B90/98 | A61B2090/0804 | G06Q10/087,1,1
125-401-859-675-941,N/A,KR,2024-05-07,,DAEGU GYEONGBUK MEDICAL INNOVATION FOUND; SCCOMPANY CO LTD,A61B17/29 | A61B17/2909 | A61B2017/2905 | A61B2017/291 | A61B2017/2932,0,0
018-613-589-087-319,N/A,CN,2024-04-30,,NANCHANG MEDICAL UNIV,,0,0
064-392-916-162-366,N/A,US,2024-04-18,,UNIK ORTHOPEDICS INC,A61B34/30 | A61B34/76 | A61B17/15 | A61B17/1659 | A61B17/1666,18,18
000-894-720-207-241,N/A,CN,2024-04-12,,LIVSMED INC,A61B17/07207 | A61B34/71 | A61B2017/07271 | A61B2017/07278 | A61B2017/07285,0,0
080-284-909-040-215,N/A,US,2024-04-11,,SAVFE CO LTD,A61B90/37 | A61B34/20 | A61B90/11 | A61B2017/00216 | A61B2034/2057,33,33
116-733-495-209-265,N/A,EP,2024-04-10,,LIVSMED INC,A61B17/2909 | A61B18/1445 | A61B34/71 | A61B2017/291 | A61B2018/1455,135,135
136-827-195-104-771,N/A,CN,2024-04-09,,LIVSMED INC,,0,0
117-889-038-165-129,N/A,CN,2024-04-09,,ZHIWEI SHENZHEN MEDICAL TECH CO LTD,A61B34/30 | A61B34/70 | A61B2034/305,0,0
057-405-996-190-557,N/A,CN,2024-04-05,,UNIV TIANJIN,G09B9/00 | G09B23/28 | G09B23/34 | G06Q10/06393,0,0
165-997-098-598-662,N/A,EP,2024-02-28,,LIVSMED INC,A61B17/07207 | A61B2017/2927 | A61B2017/2937 | A61B2017/2936 | A61B2017/291,159,159
015-847-572-624-766,N/A,CN,2024-02-27,,LIVSMED INC,A61B17/07207 | A61B17/2909 | A61B2017/291 | A61B2017/2911 | A61B2017/2927,0,0
036-384-268-325-263,N/A,CN,2024-02-23,,VERB SURGICAL INC,A61B34/30 | A61B2017/00203 | A61B2017/00216 | A61B2034/305 | A61B2034/742,0,0
121-320-781-838-228,N/A,CN,2024-02-20,,SHANGHAI DONGFANG MEDICAL INNOVATION RES INSTITUTE,,0,0
177-390-102-583-493,N/A,US,2024-02-06,,CHI CHARLIE WEN REN; UNIK ORTHOPEDICS INC,A61B34/30 | A61B34/76 | A61B17/15 | A61B17/1659 | A61B17/1666,9,9
013-583-139-869-94X,N/A,CN,2024-01-30,,CHANGZHOU KANGHUI MEDICAL DEVICE CO LTD,A61B34/20 | A61B1/317 | A61B17/00234 | A61B34/10 | A61B90/361,0,0
149-451-704-096-538,N/A,US,2024-01-16,,THINK SURGICAL INC,A61B34/10 | A61B34/20 | A61B34/30 | A61B2034/104 | A61B2034/105,20,20
066-518-270-157-720,N/A,CN,2024-01-02,,AFFILIATED HOSPITAL GUANGDONG MEDICAL UNIV,G06Q50/2057 | G09B9/00 | G16H50/20 | G16H50/50 | G16H50/70,0,0
059-461-549-742-056,N/A,WO,2023-12-28,,SHANGHAI CHEST HOSPITAL,A61B34/10 | A61B34/25 | A61B90/37 | A61B2034/105 | A61B2034/107,17,17
188-991-462-751-043,N/A,EP,2023-12-27,,LIVSMED INC,A61B18/1445 | A61B18/14 | A61B18/1482 | A61B34/30 | A61B34/71,135,135
051-765-475-656-738,N/A,CN,2023-12-19,,NANJING SHENGDA YIHUI TECH CO LTD,,0,0
065-724-363-363-647,N/A,EP,2023-12-13,,HARBIN INTELLIGENT SURGERY EQUIPMENT CO LTD,A61B34/10 | A61B34/30 | A61B2034/108 | A61B2034/305 | A61B34/10,10,10
173-988-428-724-517,N/A,US,2023-12-07,,LIVSMED INC,A61B18/1445 | A61B18/14 | A61B18/1482 | A61B34/30 | A61B34/71,21,21
108-868-416-357-998,N/A,US,2023-11-30,,ZIMMER SPINE INC,A61B17/708 | A61B17/1655 | A61B17/1671 | A61B17/1757 | A61B17/701,21,21
140-751-960-161-818,N/A,CN,2023-11-24,,LIVSMED INC,A61B34/71 | A61B18/1445 | A61B18/1482 | A61B2017/00323 | A61B2017/00738,0,0
120-319-451-812-055,N/A,AU,2023-11-16,,THINK SURGICAL INC,A61B34/10 | A61B34/20 | A61B34/30 | A61B2034/104 | A61B2034/105,0,0
164-985-249-882-43X,N/A,CN,2023-11-07,,SHENZHEN LIANKE HANWEI MEDICAL TECH CO LTD,A61M25/09 | A61B5/055 | A61B34/20 | A61B2034/2051 | A61B2034/2065,0,0
193-200-637-583-246,N/A,US,2023-11-07,,VIRTUOSO SURGICAL INC,A61B34/37 | A61B34/74 | A61B2090/0807 | A61B1/00042 | A61B1/00149,23,23
015-316-409-829-240,N/A,US,2023-10-24,,MAQUET CARDIOPULMONARY GMBH,A61M1/1621 | A61M1/3623 | A61M1/3626 | A61M1/3666 | A61M2205/18,19,19
006-449-353-157-037,N/A,CN,2023-10-20,,SHANGHAI DONGFANG MEDICAL INNOVATION RES INSTITUTE,A61B17/29 | A61B17/00234 | A61B17/2909 | A61B17/3201 | A61B2017/00305,0,0
186-384-289-753-792,N/A,CN,2023-10-20,,SHANGHAI DONGFANG MEDICAL INNOVATION RES INSTITUTE,A61B17/3201 | A61B17/00234 | A61B17/29 | A61B17/2909 | A61B2017/00305,0,0
132-579-991-941-17X,N/A,CN,2023-10-13,,LIVSMED INC,,0,0
198-824-249-043-958,N/A,CN,2023-10-10,,SHENZHEN JINGFENG MEDICAL TECH CO LTD,A61B34/37 | A61B34/20 | A61B34/70 | A61B2034/2072 | A61B2034/302,0,0
171-251-681-991-185,N/A,US,2023-10-05,,UNIK ORTHOPEDICS INC,A61B17/154 | A61B34/30 | A61B17/1746 | A61B17/15 | A61B17/17,21,21
033-848-342-452-548,N/A,CN,2023-09-12,,AISHA TECH CO LTD,A61B34/25 | A61B1/00006 | A61B1/00009 | A61B1/00039 | A61B1/00045,0,0
148-381-806-055-828,N/A,US,2023-08-29,,ZIMMER SPINE INC,A61B17/708 | A61B17/1655 | A61B17/1671 | A61B17/1757 | A61B17/701,20,20
161-414-855-750-025,N/A,US,2023-08-08,,CHI CHARLIE WEN REN; UNIK ORTHOPEDICS INC,A61B17/154 | A61B34/30 | A61B17/1746 | A61B17/15 | A61B17/17,12,12
134-070-988-344-543,N/A,CN,2023-06-30,,THE SECOND HOSPITAL OF DALIAN MEDICAL UNIV,G16H50/20 | G16H50/30 | G16H50/50 | Y02A90/10,0,0
070-825-066-703-952,N/A,CN,2023-06-13,,SHANGHAI DONGFANG MEDICAL INNOVATION RES INSTITUTE,,0,0
020-058-712-165-346,N/A,CN,2023-06-13,,SHANGHAI DONGFANG MEDICAL INNOVATION RES INSTITUTE,,0,0
066-506-048-947-512,N/A,CN,2023-06-06,,WUHAN TUOPU TRANSLATIONAL MEDICAL RES CENTER CO LTD,Y02P90/02,0,0
129-081-408-772-692,N/A,US,2023-06-06,,MEMORIAL SLOAN KETTERING CANCER CENTER,A61B90/361 | A61B2090/365 | A61B2090/3966 | A61B2090/3979 | A61B2090/3995,20,20
057-830-523-281-827,N/A,JP,2023-06-01,,LIVSMED INC,A61B17/29 | A61B34/71 | A61B2017/2912 | A61B2017/2923 | A61B2017/2925,0,0
044-536-321-712-159,N/A,US,2023-05-30,,ARTHREX INC,A61B17/062 | A61B17/06109 | A61B2017/00367 | A61B2017/06057 | A61B17/0483,20,20
056-817-406-860-317,N/A,CN,2023-04-11,,SHANGHAI PUTUO DISTR CENTRAL HOSPITAL,,0,0
072-591-836-518-555,N/A,EP,2023-04-05,,INTUITIVE SURGICAL OPERATIONS,A61B34/35 | A61B34/70 | A61B90/361 | A61B2034/301 | B25J3/00,15,15
104-359-963-810-797,N/A,CA,2023-03-28,,MEDINEERING GMBH,A61B90/50 | A61B1/00149 | A61B34/70 | A61B34/74 | A61B90/10,0,0
151-258-060-323-412,N/A,WO,2023-03-09,,LIVSMED INC,A61B17/07207 | A61B34/71 | A61B2017/07271 | A61B2017/07278 | A61B2017/07285,138,138
008-485-039-373-357,N/A,CN,2023-03-07,,BEIJING ZHUZHENG ROBOT CO LTD,Y02E60/10,0,0
032-926-501-900-067,N/A,AU,2023-03-02,,MAQUET CARDIOPULMONARY GMBH,A61M1/1621 | A61M1/3623 | A61M1/3626 | A61M1/3666 | A61M2205/18,0,0
155-751-007-955-335,N/A,KR,2023-01-27,,KAVILAB,A61B34/20 | A61B34/10 | A61B34/25 | A61B90/37 | A61B2034/104,0,0
075-659-625-051-577,N/A,WO,2023-01-19,,LIVSMED INC,A61B17/07207 | A61B17/2909 | A61B2017/291 | A61B2017/2911 | A61B2017/2927,92,92
143-956-782-251-498,N/A,WO,2023-01-12,,VERB SURGICAL INC,A61B34/30 | A61B2017/00203 | A61B2017/00216 | A61B2034/305 | A61B2034/742,1,1
065-559-679-003-035,N/A,US,2023-01-12,,VERB SURGICAL INC,A61B34/30 | A61B2017/00203 | A61B2017/00216 | A61B2034/305 | A61B2034/742,20,20
049-827-677-487-652,N/A,WO,2023-01-05,,UNIV VIRGINIA PATENT FOUNDATION,G16H40/40 | A61B90/98 | A61B2090/0804 | G06N3/044 | G06N3/0464,1,1
038-612-667-250-515,N/A,CN,2022-12-30,,NINGBO LUKE MEDICAL DEVICES CO LTD,,0,0
050-779-695-831-21X,N/A,WO,2022-12-22,,ZUMAX MEDICAL CO LTD,G02B21/04 | G02B21/00 | G02B21/0012 | A61B5/0088 | A61B34/25,27,27
168-975-662-161-595,N/A,EP,2022-12-21,,CUREXO INC,A61B34/20 | A61B17/15 | A61B17/17 | A61B34/25 | A61B2034/105,14,14
174-891-276-635-19X,N/A,WO,2022-12-08,,LIVSMED INC,A61B17/2909 | A61B18/1445 | A61B34/71 | A61B2017/291 | A61B2018/1455,135,135
035-613-830-690-146,N/A,CN,2022-11-01,,AFFILIATED HOSPITAL OF NANTONG UNIV,G16H50/30 | G06F17/18 | G16H10/40 | G16H10/60 | G16H40/20,0,0
012-261-841-916-904,N/A,KR,2022-10-31,,NAT UNIV PUSAN IND UNIV COOP FOUND; UNIV YONSEI IACF,A61B5/4542 | A61B5/7264 | A61B17/1673 | A61B34/10 | A61B2034/105,0,0
049-029-464-552-151,N/A,WO,2022-10-27,,LIVSMED INC,A61B17/07207 | A61B2017/2927 | A61B2017/2937 | A61B2017/2936 | A61B2017/291,159,159
081-316-269-440-535,N/A,CN,2022-10-18,,SHENZHEN JINGFENG MEDICAL TECH CO LTD,A61B34/37 | A61B34/70 | A61B34/74 | A61B2034/743 | A61B2034/744,0,0
155-480-028-033-08X,N/A,CN,2022-10-18,,SHENZHEN JINGFENG MEDICAL TECH CO LTD,A61B34/37 | A61B34/70,0,0
068-991-098-221-482,N/A,CN,2022-10-14,,SHANGHAI DONGFANG MEDICAL INNOVATION RES INSTITUTE,,0,0
115-612-983-856-229,N/A,WO,2022-10-13,,LIVSMED INC,A61B18/1445 | A61B18/14 | A61B18/1482 | A61B34/30 | A61B34/71,0,0
122-665-640-560-939,N/A,CN,2022-09-23,,SUZHOU WEICHUANG CHANGXING ROBOT CO LTD,A61B34/30 | A61B34/20 | A61B2034/2055 | A61B2034/2068,0,0
059-058-780-027-012,N/A,CN,2022-09-20,,CUREXO INC,A61B34/20 | A61B17/15 | A61B17/17 | A61B34/25 | A61B2034/105,0,0
042-308-412-047-222,N/A,EP,2022-09-07,,LIVSMED INC,A61B17/00 | A61B2017/00398 | A61B2017/00367 | A61B2017/00464 | A61B2017/00473,20,20
114-539-945-978-562,N/A,CN,2022-09-06,,UNIV NANJING AERONAUTICS & ASTRONAUTICS,A61B34/76 | A61B34/37 | A61B34/70,0,0
085-643-801-386-904,N/A,CN,2022-08-30,,CLARIS IMAGING INC,G01N23/046 | A61B6/032 | A61B6/4417 | G01N23/083 | G01N33/4833,0,0
074-001-820-015-099,N/A,WO,2022-08-25,,LIVSMED INC,A61B18/1445 | A61B18/14 | A61B18/1482 | A61B34/30 | A61B34/71,135,135
122-669-592-391-760,N/A,WO,2022-08-25,,LIVSMED INC,A61B18/1445 | A61B18/14 | A61B18/1482 | A61B34/30 | A61B34/71,135,135
161-237-294-880-502,N/A,WO,2022-08-11,,HARBIN INTELLIGENT SURGERY EQUIPMENT CO LTD,A61B34/10 | A61B34/30 | A61B2034/108 | A61B2034/305 | A61B34/10,10,10
080-207-291-116-505,N/A,CN,2022-07-29,,SHANGHAI MICROPORT MEDICAL ROBOT GROUP CO LTD,A61B34/37 | A61B34/25 | A61B34/70 | A61B50/13 | A61B90/361,0,0
079-627-682-865-509,N/A,US,2022-07-28,,STRYKER CORP,A61B17/8802 | A61B17/8833 | A61B2017/8838 | B01F27/0725 | B01F27/091,23,23
060-760-344-647-122,N/A,LU,2022-07-11,,FUJIAN MEDICAL UNIV UNION HOSPITAL,A61B34/37 | A61B90/361 | A61B2018/00589 | A61B2018/1422 | A61B2090/371,0,0
047-444-436-961-754,N/A,US,2022-06-16,,CHI CHARLIE WEN REN,A61B34/30 | A61B34/76 | A61B17/15 | A61B17/1659 | A61B17/1666,20,20
141-719-405-799-704,N/A,AU,2022-06-16,,THINK SURGICAL INC,A61B34/10 | A61B34/20 | A61B34/30 | A61B2034/104 | A61B2034/105,0,0
019-045-430-899-191,N/A,WO,2022-06-16,,VIRTUOSO SURGICAL INC,A61B34/37 | A61B34/74 | A61B2090/0807 | A61B1/00042 | A61B1/00149,1,1
107-193-626-584-970,N/A,WO,2022-06-16,,CHI CHARLIE WEN REN,A61B34/30 | A61B34/76 | A61B17/15 | A61B17/1659 | A61B17/1666,1,1
068-888-724-516-144,N/A,US,2022-06-09,,VIRTUOSO SURGICAL INC,A61B34/37 | A61B34/74 | A61B2090/0807 | A61B1/00042 | A61B1/00149,23,23
149-264-655-624-141,N/A,WO,2022-06-02,,DIO CORP,A61C5/80 | A61C8/00 | A61C8/0066 | A61C8/0054 | A61C8/0069,9,9
059-283-957-585-169,N/A,TW,2022-06-01,,DIO CORP,A61C5/80 | A61C8/00 | A61C8/0066 | A61C8/0054 | A61C8/0069,0,0
065-906-451-922-784,N/A,US,2022-05-05,,VERB SURGICAL INC,A61B34/25 | A61B34/32 | A61B34/35 | A61B34/74 | A61B90/361,20,20
188-049-215-183-250,N/A,CN,2022-04-26,,WEIBOG SURGICAL COMPANY,A61B34/25 | A61B34/32 | A61B34/35 | A61B34/74 | A61B90/361,0,0
179-865-158-663-619,N/A,US,2022-04-21,,SUZHOU INSTITUTE OF BIOMEDICAL ENGINEERING AND TECH CHINESE ACADEMY OF,A61B34/20 | A61B90/37 | A61B2034/2055 | A61B2090/3735 | A61B90/37,10,10
077-684-407-831-003,N/A,EP,2022-04-20,,SUZHOU INST BIOMEDICAL ENG & TECH CAS,A61B34/20 | A61B90/37 | A61B2034/2055 | A61B2090/3735 | A61B90/37,10,10
023-529-072-062-468,N/A,US,2022-04-07,,LIVSMED INC,A61B17/00 | A61B2017/00398 | A61B2017/00367 | A61B2017/00464 | A61B2017/00473,20,20
007-900-899-496-436,N/A,US,2022-03-29,,LEICA INSTR SINGAPORE PTE LTD,G02B21/0012 | G02B21/32 | G06F3/011 | G06F3/017 | A61B90/20,18,18
014-616-028-991-816,N/A,CN,2022-03-25,,SUZHOU MINIMALLY INVASIVE UNIMPEDED ROBOT LTD COMPANY,A61C1/06 | A61C1/08 | A61C1/14 | A61C8/0089,0,0
158-343-607-553-440,N/A,AU,2022-03-24,,THINK SURGICAL INC,A61B34/10 | A61B34/20 | A61B34/30 | A61B2034/104 | A61B2034/105,0,0
083-584-467-791-33X,N/A,US,2022-03-22,,LIVSMED INC,A61B17/00 | A61B2017/00398 | A61B2017/00367 | A61B2017/00464 | A61B2017/00473,19,19
168-280-377-307-70X,N/A,CN,2022-03-11,,SHENZHEN JINGFENG MEDICAL SCIENCE AND TECH CO LTD,,0,0
030-679-062-323-035,N/A,CN,2022-03-04,,SECOND HOSPITAL OF SHANDONG UNIV,,0,0
161-427-074-877-00X,N/A,US,2022-02-03,,GERHART CLARK,A61B17/3421 | A61B17/3417 | A61B17/3423 | A61B34/30 | A61B2017/3419,6,6
059-874-984-653-432,N/A,US,2022-02-03,,KB MEDICAL SA,A61B34/30 | A61B34/10 | A61B34/20 | A61B34/70 | A61B90/06,20,20
194-747-995-208-687,N/A,US,2022-02-01,,VERB SURGICAL INC,A61B34/25 | A61B34/32 | A61B34/35 | A61B34/74 | A61B90/361,20,20
017-526-949-143-838,N/A,CN,2022-02-01,,STRYKER CORP,A61B17/8802 | A61B17/8833 | A61B2017/8838 | B01F27/0725 | B01F27/091,0,0
053-134-538-763-875,N/A,CN,2022-02-01,,UNIV SICHUAN,G09B23/283,0,0
081-573-981-177-74X,N/A,CN,2022-01-28,,LI WEIHAO,A61B50/31 | A61B90/70 | A61B2090/0807 | A61L2/10 | A61L2103/15,0,0
070-440-421-540-16X,N/A,CN,2022-01-21,,HANGZHOU HUGER MEDICAL ROBOTICS CO LTD,A61B17/00234 | A61B17/062 | A61B17/29 | A61B2017/00017 | A61B2017/00398,0,0
013-258-799-308-25X,N/A,CN,2022-01-11,,LIVSMED INC,A61B17/00 | A61B2017/00398 | A61B2017/00367 | A61B2017/00464 | A61B2017/00473,0,0
173-443-739-315-454,N/A,CN,2022-01-11,,FOSHAN FIRST PEOPLES HOSPITAL FOSHAN HOSPITAL SUN YAT SEN UNIV,A61B34/20 | A61B34/10 | A61B34/25 | A61B2034/105 | A61B2034/2055,0,0
185-047-966-189-591,N/A,AU,2021-12-23,,STRYKER CORP,A61B17/8802 | A61B17/8833 | A61B2017/8838 | B01F27/0725 | B01F27/091,0,0
083-482-259-029-685,N/A,CN,2021-12-14,,JIXIAN ARTIFICIAL INTELLIGENCE CO LTD,A61B34/37 | A61B34/76,0,0
154-410-257-394-794,N/A,CN,2021-12-14,,UNIV PEKING SHENZHEN HOSPITAL,,0,0
044-471-113-363-340,N/A,US,2021-12-02,,ECOLE POLYTECHNIQUE FED LAUSANNE EPFL,A61B34/30 | A61B34/71 | A61B2017/2906 | A61B2090/371 | Y10T74/18848,20,20
158-605-346-831-541,N/A,JP,2021-11-25,,LIVSMED INC,A61B17/2909 | A61B17/29 | A61B34/71 | A61B2017/00323 | A61B2017/2911,0,0
008-509-418-159-979,N/A,US,2021-11-16,,KB MEDICAL SA,A61B34/30 | A61B34/10 | A61B34/20 | A61B34/70 | A61B90/06,26,26
191-058-398-960-050,N/A,US,2021-10-07,,WEIPENG SUZHOU CO LTD,A61B17/3403 | A61B8/0841 | A61B34/20 | A61B2017/3413 | A61B2034/2055,10,10
157-570-031-599-182,N/A,US,2021-10-07,,ARTHREX INC,A61B17/062 | A61B17/06109 | A61B2017/00367 | A61B2017/06057 | A61B17/0483,20,20
167-674-280-512-470,N/A,CN,2021-09-28,,2ND AF HOSP KUNMING MED UNIV,,0,0
165-455-570-107-382,N/A,CN,2021-09-21,,LABOR UNION TIANJIN CITY BINHAI NEW DISTR HAIBIN PEOPLES HOSPITAL,,0,0
135-159-437-698-609,N/A,CN,2021-09-17,,INTUITIVE SURGICAL OPERATIONS,A61B34/35 | A61B34/70 | A61B90/361 | A61B2034/301 | B25J3/00,0,0
104-113-369-437-838,N/A,CN,2021-08-20,,SICHUAN CANCER HOSPITAL,A61M1/04 | A61M2205/3379,0,0
041-715-262-416-919,N/A,AU,2021-08-19,,MAQUET CARDIOPULMONARY GMBH,A61M1/1621 | A61M1/3623 | A61M1/3626 | A61M1/3666 | A61M2205/18,0,0
087-952-738-968-574,N/A,US,2021-08-12,,LIVSMED INC,A61B17/00 | A61B2017/00398 | A61B2017/00367 | A61B2017/00464 | A61B2017/00473,20,20
037-293-858-156-474,N/A,US,2021-08-03,,ECOLE POLYTECHNIQUE FED LAUSANNE EPFL,A61B34/30 | A61B34/71 | A61B2017/2906 | A61B2090/371 | Y10T74/18848,20,20
158-728-063-376-075,N/A,CN,2021-08-03,,NANJING HALEI INTELLIGENT TECH CO LTD; GUANGZHOU HUANTEK TECH CO LTD; HALEI MEDICAL GUANGZHOU INTELLIGENT TECH CO LTD,,0,0
025-731-312-437-989,N/A,JP,2021-07-29,,MAQUET CARDIOPULMONARY AG,A61M1/1621 | A61M1/3623 | A61M1/3626 | A61M1/3666 | A61M2205/18,0,0
180-991-600-046-246,N/A,US,2021-07-20,,ARTHREX INC,A61B17/062 | A61B17/06109 | A61B2017/00367 | A61B2017/06057 | A61B17/0483,20,20
141-384-841-521-897,N/A,US,2021-07-08,,THINK SURGICAL INC,A61B34/10 | A61B34/20 | A61B34/30 | A61B2034/104 | A61B2034/105,21,21
120-025-860-997-122,N/A,WO,2021-07-01,,CHONGQING HAIFU MEDICAL TECH CO LTD,A61B34/30 | A61B34/70 | A61B34/00 | A61B34/30 | A61B34/37,30,30
050-073-961-481-351,N/A,US,2021-06-24,,XIA YAN; LAN LU; VIBRONIX INC,A61B90/36 | A61B90/361 | A61B2034/105 | A61B2034/2051 | A61B2034/2055,20,20
172-797-075-381-513,N/A,AU,2021-06-10,,MAQUET CARDIOPULMONARY GMBH,A61M1/1621 | A61M1/3623 | A61M1/3626 | A61M1/3666 | A61M2205/18,0,0
071-462-629-298-900,N/A,US,2021-06-03,,ZIMMER SPINE INC,A61B17/708 | A61B17/1655 | A61B17/1671 | A61B17/1757 | A61B17/701,20,20
180-823-609-966-468,N/A,WO,2021-05-27,,STRYKER CORP,A61B17/8802 | A61B17/8833 | A61B2017/8838 | B01F27/0725 | B01F27/091,0,0
105-108-971-223-103,N/A,EP,2021-05-26,,INTUITIVE SURGICAL OPERATIONS,A61B34/30 | A61B34/35 | A61B34/37 | A61B34/77 | A61B90/06,15,15
054-764-960-441-698,N/A,WO,2021-05-20,,CHI CHARLIE WEN REN,A61B17/154 | A61B34/30 | A61B17/1746 | A61B17/15 | A61B17/17,1,1
050-947-967-299-483,N/A,CN,2021-05-14,,XU RONG,,0,0
165-988-705-537-841,N/A,US,2021-05-13,,CHI CHARLIE WEN REN,A61B17/154 | A61B34/30 | A61B17/1746 | A61B17/15 | A61B17/17,20,20
013-808-161-524-301,N/A,WO,2021-05-06,,LIVSMED INC,A61B17/00 | A61B2017/00398 | A61B2017/00367 | A61B2017/00464 | A61B2017/00473,20,20
071-904-726-213-564,N/A,KR,2021-05-04,,MEERE CO INC,A61B34/37 | A61B34/74 | A61B90/361 | A61B90/37 | A61B90/39,0,0
074-420-512-325-497,N/A,WO,2021-04-15,,STRYKER CORP,A61B17/8802 | A61B17/8833 | A61B2017/8838 | B01F27/0725 | B01F27/091,0,0
072-749-032-472-704,N/A,WO,2021-03-18,,VERB SURGICAL INC,A61B34/25 | A61B34/32 | A61B34/35 | A61B34/74 | A61B90/361,1,1
045-453-564-079-223,N/A,US,2021-03-16,,ZIMMER SPINE INC,A61B17/708 | A61B17/1655 | A61B17/1671 | A61B17/1757 | A61B17/701,17,17
076-752-950-770-412,N/A,CN,2021-03-16,,ANHUI AKS MEDICAL ROBOT CO LTD,G06T7/337 | G06T7/13 | G06T7/38 | G06T2207/10081 | G06T2207/10088,0,0
121-111-954-857-38X,N/A,US,2021-03-11,,VERB SURGICAL INC,A61B34/25 | A61B34/32 | A61B34/35 | A61B34/74 | A61B90/361,20,20
193-703-048-764-342,N/A,WO,2021-03-11,,INCUBIT INC; KOBAYASHI NAO,A61B34/20,7,7
188-967-750-823-371,N/A,EP,2021-03-03,,INTUITIVE SURGICAL OPERATIONS,A61B1/0055 | A61B1/00142 | A61B1/00149 | A61B1/0058 | A61B1/008,15,15
118-237-726-586-907,N/A,CN,2021-02-19,,THINK SURGICAL INC,A61B34/10 | A61B34/20 | A61B34/30 | A61B2034/104 | A61B2034/105,0,0
026-571-290-489-134,N/A,US,2021-02-18,,MEMORIAL SLOAN KETTERING CANCER CENTER,A61B90/361 | A61B2090/365 | A61B2090/3966 | A61B2090/3979 | A61B2090/3995,38,38
035-533-005-184-956,N/A,WO,2021-02-04,,THE FIRST HOSPITAL AFFILIATED TO ARMY MEDICAL UNIV,A61B1/00147 | A61B90/20 | A61B90/25 | A61B1/00149 | A61B90/20,10,10
134-260-650-962-093,N/A,US,2021-01-21,,KB MEDICAL SA,A61B34/30 | A61B34/10 | A61B34/20 | A61B34/70 | A61B90/06,20,20
124-393-411-410-423,N/A,WO,2021-01-14,,STRYKER CORP,A61B17/8802 | A61B17/8833 | A61B2017/8838 | B01F27/0725 | B01F27/091,0,0
080-281-559-070-751,N/A,WO,2021-01-07,,SUZHOU INST BIOMEDICAL ENG & TECH CAS,A61B34/20 | A61B90/37 | A61B2034/2055 | A61B2090/3735 | A61B90/37,10,10
093-628-893-904-928,N/A,KR,2020-12-30,,KOREA ADVANCED INST SCI & TECH; EASYENDO SURGICAL INC,A61B34/37 | A61B17/00234 | A61B34/74 | A61B2017/00199 | A61B2017/00398,0,0
008-611-210-764-038,N/A,WO,2020-12-24,,UNIV BEIHANG,A61B34/20 | A61B2034/2055 | A61B2034/2068,10,10
086-528-920-722-985,N/A,EP,2020-12-23,,WEIPENG SUZHOU MEDICAL CO LTD,A61B17/3403 | A61B8/0841 | A61B34/20 | A61B2017/3413 | A61B2034/2055,10,10
022-685-203-192-595,N/A,CA,2020-12-17,,STRYKER CORP,A61B17/8802 | A61B17/8833 | A61B2017/8838 | B01F27/0725 | B01F27/091,0,0
075-783-285-091-73X,N/A,WO,2020-12-17,,STRYKER CORP,A61B17/8802 | A61B17/8833 | A61B2017/8838 | B01F27/0725 | B01F27/091,1,1
073-543-642-938-228,N/A,US,2020-12-15,,THINK SURGICAL INC,A61B34/10 | A61B34/20 | A61B34/30 | A61B2034/104 | A61B2034/105,16,16
028-544-138-220-420,N/A,CN,2020-11-27,,NANJING HALEI INTELLIGENT TECH CO LTD; GUANGZHOU HUANTEK TECH CO LTD; HALEI MEDICAL GUANGZHOU INTELLIGENT TECH CO LTD,A61B34/10 | A61B2034/105 | A61B2034/108,0,0
092-731-727-074-753,N/A,CN,2020-11-10,,YAKE ROBOT BEIJING TECH CO LTD,A61B90/20,0,0
041-595-401-675-862,N/A,US,2020-10-27,,KB MEDICAL SA,A61B34/30 | A61B34/10 | A61B34/20 | A61B34/70 | A61B90/06,20,20
175-486-735-454-193,N/A,KR,2020-09-22,,ASAN FOUND; UNIV ULSAN FOUND IND COOP,A61B34/30 | A61B17/00234 | A61B17/320016 | A61B17/32056 | A61B34/71,0,0
100-128-677-242-473,N/A,CN,2020-09-04,,UNIV TIANJIN; TIANJIN FURUILONG METAL PRODUCTS CO LTD,A61B5/4821 | A61B5/7235 | A61B5/7267,0,0
038-412-740-547-192,N/A,CN,2020-07-14,,CHONGQING IMPEL MEDICAL TECH CO LTD,,0,0
028-096-723-308-97X,N/A,CN,2020-07-14,,VIBRONIX INC; XIA YAN; LAN LU,A61B90/36 | A61B90/361 | A61B2034/105 | A61B2034/2051 | A61B2034/2055,0,0
080-260-818-577-854,N/A,CN,2020-07-03,,CANCER HOSPITAL CAMS,G06T17/00 | G06T7/136 | G06T11/40 | G06T12/00 | G06T2207/10072,0,0
007-416-087-588-939,N/A,CN,2020-06-23,,NANFANG HOSPITAL,,0,0
005-044-633-276-813,N/A,EP,2020-06-10,,SHANGHAI MICROPORT ENDOVASCULAR MEDTECH CO LTD,A61B17/22 | A61B17/320758 | A61B2017/22038 | A61B2017/22079 | A61B2017/22084,14,14
017-885-400-858-371,N/A,CN,2020-06-05,,XIANGSHAN CHANGFENG MEDICAL EQUIPMENT CO LTD,A61L2/18 | A61B50/31 | A61B2050/3008 | A61B2050/311 | A61L2/26,0,0
054-785-925-562-614,N/A,CN,2020-05-19,,CHONGQING JINSHAN MEDI ROBOT CO LTD,A61B34/30 | A61B17/00234 | A61B34/76 | A61B50/30 | A61B2017/00398,0,0
075-395-305-336-307,N/A,RU,2020-05-19,,ASSISTED SURGICAL TECH AST LTD,A61B34/37 | B25J9/1605 | B25J19/04,0,0
124-005-326-549-415,N/A,KR,2020-04-09,,UNIV GACHON IND ACAD COOP FOUND,A61B34/35 | A61B17/2909 | A61B34/37 | A61B34/74 | A61B2017/00212,0,0
100-725-806-154-687,N/A,US,2020-04-09,,INTUITIVE SURGICAL OPERATIONS,A61B1/0055 | A61B1/00142 | A61B1/00149 | A61B1/0058 | A61B1/008,16,16
039-924-746-590-859,N/A,JP,2020-03-26,,LIVSMED INC,A61B17/2909 | A61B17/29 | A61B34/71 | A61B2017/00323 | A61B2017/2911,0,0
033-079-861-598-473,N/A,CN,2020-03-24,,UNIV HUNAN NORMAL,G06T7/11 | G06T7/0012 | G06T2207/10088 | G06T2207/20081 | G06T2207/20084,0,0
051-255-470-742-653,N/A,CN,2020-02-25,,HANGZHOU SANTA MEDICAL TECH CO LTD,A61B34/30 | A61B34/20 | A61B34/70 | A61B2034/2046,0,0
121-955-599-966-505,N/A,CN,2020-02-07,,SUZHOU ZHUZHENG ROBOT CO LTD,A61B34/20 | A61B34/10 | A61B2034/107 | A61B2034/2065 | A61N1/36038,0,0
048-228-269-486-342,N/A,WO,2020-02-06,,BEIJING YAKEBOT TECH CO LTD,A61B90/37 | A61B34/20 | A61B2090/372,9,9
137-054-922-969-320,N/A,CN,2020-01-21,,SHANGHAI HAOHAI INFORMATION TECH CO LTD,G16H30/00 | G16H50/50,0,0
044-974-753-124-30X,N/A,US,2020-01-07,,INTUITIVE SURGICAL OPERATIONS,A61B34/35 | A61B34/70 | A61B90/361 | A61B2034/301 | B25J3/00,18,18
117-692-869-407-919,N/A,CN,2020-01-03,,SUZHOU INST BIOMEDICAL ENG & TECH CAS,A61B34/20 | A61B90/37 | A61B2034/2055 | A61B2090/3735 | A61B90/37,0,0
045-338-539-725-859,N/A,JP,2019-12-26,,MAQUET CARDIOPULMONARY AG; RALPH J EBLER; DANIEL MEDART; AIDAN HYDE; DWAYNE JONES; WESLEY SCOTT ASHTON,A61M1/1621 | A61M1/3623 | A61M1/3626 | A61M1/3666 | A61M2205/18,0,0
150-986-259-193-95X,N/A,CN,2019-12-24,,LIU JUN; TIAN SHIJUN,G09B9/00 | G09B23/28,0,0
163-983-743-945-314,N/A,US,2019-12-17,,INTUITIVE SURGICAL OPERATIONS,A61B1/0055 | A61B1/00142 | A61B1/00149 | A61B1/0058 | A61B1/008,14,14
032-904-114-483-163,N/A,CN,2019-12-03,,ZHUJIANG HOSPITAL SOUTHERN MEDICAL UNIV,G01N1/28,0,0
039-990-327-648-695,N/A,CN,2019-11-22,,BEIJING RENXIN MEDICAL TECH CO LTD,A61B5/055 | A61B6/032 | A61B6/5247 | A61B90/37 | A61B2090/373,0,0
041-571-306-655-234,N/A,CN,2019-11-19,,B BRAUN MEDICAL SUZHOU CO LTD,,0,0
092-933-458-426-954,N/A,WO,2019-11-14,,MEMORIAL SLOAN KETTERING CANCER CENTER,A61B90/361 | A61B2090/365 | A61B2090/3966 | A61B2090/3979 | A61B2090/3995,1,1
192-415-802-766-575,N/A,CN,2019-10-25,,UNIV ZHEJIANG,,0,0
005-050-566-607-109,N/A,CN,2019-10-22,,UNIV BEIHANG,A61B34/20 | A61B2034/2055 | A61B2034/2068,0,0
056-363-224-619-780,N/A,CN,2019-08-20,,LONGXI COUNTY CHINESE MEDICINE HOSPITAL,A61B17/82 | A61B17/8897 | A61B17/90 | A61B90/06 | A61B2090/061,0,0
033-150-063-182-595,N/A,CN,2019-07-26,,XIAMEN STRONG TECH CO LTD,A61B34/10 | A61B34/20 | A61B2034/105 | A61B2034/2065 | G06T19/006,0,0
060-570-211-028-144,N/A,JP,2019-07-25,,INTUITIVE SURGICAL OPERATIONS,B25J9/1612 | A61B90/361 | A61B34/35 | A61B34/70 | B25J3/00,0,0
001-641-561-929-917,N/A,US,2019-07-23,,DISTALMOTION SA; BEIRA RICARDO DANIEL RITA,A61B34/37 | A61B34/70 | A61B34/77 | A61B90/20 | A61B2090/3616,16,16
045-881-344-332-697,N/A,WO,2019-07-04,,WEIPENG SUZHOU MEDICAL CO LTD,A61B17/3403 | A61B8/0841 | A61B34/20 | A61B2017/3413 | A61B2034/2055,10,10
131-598-683-396-816,N/A,CN,2019-06-11,,XIE XIAOHE,,0,0
069-148-734-640-360,N/A,WO,2019-06-06,,YUXIN TECH HUIZHOU CO LTD,A61B1/04 | A61B1/06 | A61B17/3203 | A61B90/00 | A61B90/30,5,5
058-740-145-318-457,N/A,CN,2019-05-14,,WANG SHENGYONG,,0,0
124-733-478-733-137,N/A,US,2019-05-09,,ECOLE POLYTECHNIQUE FED LAUSANNE EPFL,A61B34/30 | A61B34/71 | A61B2017/2906 | A61B2090/371 | Y10T74/18848,22,22
122-152-354-357-186,N/A,CN,2019-04-26,,UNIV TIANJIN,A61N5/1002 | A61N5/1007 | A61N5/1016 | A61N2005/1012 | A61N2005/1096,0,0
137-006-705-971-559,N/A,WO,2019-04-18,,VIBRONIX INC; XIA YAN; LAN LU,A61B90/36 | A61B90/361 | A61B2034/105 | A61B2034/2051 | A61B2034/2055,1,1
192-851-739-484-428,N/A,US,2019-03-07,,THINK SURGICAL INC,A61B34/10 | A61B34/20 | A61B34/30 | A61B2034/104 | A61B2034/105,30,30
022-606-317-619-472,N/A,JP,2019-02-28,,LIVSMED INC,A61B17/29 | A61B34/71 | A61B2017/2912 | A61B2017/2923 | A61B2017/2925,0,0
161-448-806-886-319,N/A,KR,2019-02-15,,M2S CO LTD,A61B90/361 | A61B90/37 | A61B2090/371 | G02B27/017 | G03B15/14,0,0
015-781-031-827-916,N/A,WO,2019-02-07,,MICROPORT ENDOVASCULAR SHANGHAI CO LTD,A61B17/22 | A61B17/320758 | A61B2017/22038 | A61B2017/22079 | A61B2017/22084,14,14
141-681-746-172-079,N/A,WO,2019-01-03,,SHENZHEN XINJUNTE SMART MEDICAL EQUIPMENT CO LTD,A61B34/10,1,1
196-887-854-164-85X,N/A,CN,2018-11-09,,THINK SURGICAL INC,A61B34/10 | A61B34/20 | A61B34/30 | A61B2034/104 | A61B2034/105,0,0
129-315-900-310-093,N/A,CN,2018-10-23,,MAQUET CARDIOPULMONARY GMBH,A61M1/1621 | A61M1/3623 | A61M1/3626 | A61M1/3666 | A61M2205/18,0,0
026-328-225-812-281,N/A,US,2018-10-09,,BEIRA RICARDO; CLAVEL REYMOND; BLEULER HANNES; ECOLE POLYTECHNIQUE FED LAUSANNE EPFL,A61B34/30 | A61B34/71 | A61B2017/2906 | A61B2090/371 | Y10T74/18848,22,22
087-741-755-903-414,N/A,JP,2018-10-04,,KYOCERA CORP,,0,0
003-675-426-707-332,N/A,CN,2018-09-28,,DING SAISAI,A61M19/00 | A61M35/003,0,0
022-600-504-277-626,N/A,CN,2018-09-11,,SHANGHAI FEIXU ELECTRONICS EQUIPMENT CO LTD,A61B17/00234 | A61B34/30 | A61B34/71 | A61B2017/00017 | A61B2017/00398,0,0
141-108-308-622-824,N/A,WO,2018-08-23,,MEDICAROID CORP; KAWASAKI HEAVY IND LTD,A61B34/35 | B25J13/08,18,18
154-366-647-374-03X,N/A,CN,2018-07-31,,UNIV ANHUI POLYTECHNIC,G09B9/00 | G09B23/28,0,0
174-226-424-637-331,N/A,US,2018-07-31,,INTUITIVE SURGICAL OPERATIONS; INTUTITIVE SURGICAL OPERATIONS INC,A61B34/30 | A61B34/35 | A61B34/37 | A61B34/77 | A61B90/06,23,23
082-291-765-961-063,N/A,AU,2018-07-26,,THINK SURGICAL INC,A61B34/10 | A61B34/20 | A61B34/30 | A61B2034/104 | A61B2034/105,0,0
078-120-279-904-951,N/A,JP,2018-07-19,,A TRACTION INC,,0,0
013-462-829-360-840,N/A,JP,2018-07-19,,A TRACTION INC,,0,0
057-314-988-538-687,N/A,US,2018-06-14,,CONCEPTUALIZ INC,G16H20/40 | A61B17/8066 | A61B17/8085 | A61B34/10 | A61B2034/102,18,18
150-125-306-204-953,N/A,KR,2018-05-03,,KOREA ADVANCED INST SCI & TECH,A61B17/00234 | A61B1/00006 | A61B1/00064 | A61B2017/00296 | A61B2017/00323,0,0
176-568-090-250-606,N/A,CN,2018-05-01,,UNIV TSINGHUA,A61B17/8866 | A61B34/30 | A61B90/37 | A61B2017/00017 | A61B2017/00115,0,0
018-504-512-378-588,N/A,CN,2018-04-27,,INTUITIVE SURGICAL OPERATIONS,A61B34/30 | A61B34/35 | A61B34/37 | A61B34/77 | A61B90/06,0,0
161-538-980-776-384,N/A,AU,2018-04-26,,MAQUET CARDIOPULMONARY GMBH; EBLER RALPH J; MEDART DANIEL; HYDE AIDAN; JONES DWAYNE; ASHTON WESLEY SCOTT,A61M1/1621 | A61M1/3623 | A61M1/3626 | A61M1/3666 | A61M2205/18,0,0
126-383-375-897-898,N/A,EP,2018-04-25,,INTUITIVE SURGICAL OPERATIONS,A61B1/0055 | A61B1/00142 | A61B1/00149 | A61B1/0058 | A61B1/008,0,0
088-998-317-392-634,N/A,US,2018-04-24,,INTUITIVE SURGICAL OPERATIONS,A61B34/37 | A61B1/00149 | A61B1/00193 | A61B1/313 | A61B17/3421,19,19
109-804-720-608-740,N/A,CN,2018-03-30,,ZHANG YANYAN,G01G19/52 | A61B50/33,0,0
154-735-682-733-73X,N/A,JP,2018-03-29,,UNIV JICHI MEDICAL,,0,0
168-584-377-261-871,N/A,US,2018-03-22,,INTUITIVE SURGICAL OPERATIONS,A61B34/35 | A61B34/70 | A61B90/361 | A61B2034/301 | B25J3/00,21,21
151-975-552-094-89X,N/A,CN,2018-03-06,,LEICA INSTR SINGAPORE PTE LTD,G02B21/0012 | G02B21/32 | G06F3/011 | G06F3/017 | A61B90/20,0,0
156-012-861-612-849,N/A,US,2018-02-27,,ABB GOMTEC GMBH,A61B34/30 | A61B34/37 | A61B2017/00017 | A61B2017/00207 | A61B2017/00725,21,21
142-669-431-495-089,N/A,CN,2018-02-23,,INTUITIVE SURGICAL OPERATIONS,A61B34/35 | A61B34/70 | A61B90/361 | A61B2034/301 | B25J3/00,0,0
095-918-109-186-597,N/A,US,2018-02-22,,LEICA INSTR SINGAPORE PTE LTD,G02B21/0012 | G02B21/32 | G06F3/011 | G06F3/017 | A61B90/20,18,18
112-113-915-437-967,N/A,EP,2018-02-21,,LEICA INSTR (SINGAPORE) PTE LTD,G02B21/0012 | G02B21/32 | G06F3/011 | G06F3/017 | A61B90/20,15,15
000-797-374-525-970,N/A,EP,2018-02-07,,INTUITIVE SURGICAL OPERATIONS,A61B1/0055 | A61B1/00142 | A61B1/00149 | A61B1/0058 | A61B1/008,10,10
068-651-832-070-084,N/A,US,2018-01-25,,KB MEDICAL SA,A61B34/30 | A61B34/10 | A61B34/20 | A61B34/70 | A61B90/06,20,20
189-163-129-772-310,N/A,CN,2018-01-19,,AFFILIATED HOSPITAL QINGDAO UNIV,,0,0
187-401-335-549-417,N/A,CN,2018-01-12,,BEIJING INSTITUTE TECH,,0,0
181-552-013-476-286,N/A,US,2018-01-11,,KB MEDICAL SA,A61B34/30 | A61B34/10 | A61B34/20 | A61B34/70 | A61B90/06,20,20
021-939-253-642-09X,N/A,CN,2017-11-28,,GUANGZHOU KEHUGE BIOLOGICAL TECH COMPANY LIMITED,G09B23/28,0,0
157-899-365-171-024,N/A,US,2017-11-02,,INTUITIVE SURGICAL OPERATIONS,A61B1/0055 | A61B1/00142 | A61B1/00149 | A61B1/0058 | A61B1/008,16,16
148-750-986-759-849,N/A,CN,2017-10-20,,SHENZHEN XIN JUN TE INTELLIGENT MEDICAL EQUIPMENT CO LTD,A61B34/10 | A61B2034/105 | A61B2034/107 | A61B2034/108,0,0
118-382-368-403-605,N/A,CN,2017-09-19,,LIUAN TONGHUI INTELLIGENT TECH CO LTD,A61B5/021 | A61B5/4821 | A61B5/7405 | A61B5/742 | A61B5/746,0,0
078-040-248-243-388,N/A,WO,2017-08-31,,THINK SURGICAL INC,A61B34/10 | A61B34/20 | A61B34/30 | A61B2034/104 | A61B2034/105,1,1
052-128-051-905-053,N/A,US,2017-08-31,,BEIRA RICARDO DANIEL RITA; DISTALMOTION SA,A61B34/37 | A61B34/70 | A61B34/77 | A61B90/20 | A61B2090/3616,15,15
196-981-039-416-724,N/A,US,2017-08-15,,INTUITIVE SURGICAL OPERATIONS,A61B1/0055 | A61B1/00142 | A61B1/00149 | A61B1/0058 | A61B1/008,17,17
002-372-059-199-457,N/A,CN,2017-07-21,,CHANGZHOU VOCATIONAL INST ENG,,0,0
074-177-169-972-330,N/A,CN,2017-06-13,,UNIV WUHAN; WUHAN VAGARYVR TECH CO LTD,G09B23/28,0,0
105-306-310-719-264,N/A,EP,2017-04-26,,OLYMPUS CORP,A61B34/74 | A61B1/00128 | A61B1/00133 | A61B17/00 | A61B90/00,10,10
169-807-834-969-704,N/A,CA,2017-04-13,,MAQUET CARDIOPULMONARY GMBH; EBLER RALPH J; MEDART DANIEL; HYDE AIDAN; JONES DWAYNE; ASHTON WESLEY SCOTT,A61M1/1621 | A61M1/3623 | A61M1/3626 | A61M1/3666 | A61M2205/18,0,0
175-886-096-550-99X,N/A,WO,2017-04-13,,MAQUET CARDIOPULMONARY GMBH; EBLER RALPH J; MEDART DANIEL; HYDE AIDAN; JONES DWAYNE; ASHTON WESLEY SCOTT,A61M1/1621 | A61M1/3623 | A61M1/3626 | A61M1/3666 | A61M2205/18,1,1
087-839-796-402-494,N/A,US,2017-04-13,,ZIMMER SPINE INC,A61B17/708 | A61B17/1655 | A61B17/1671 | A61B17/1757 | A61B17/701,6,6
181-333-874-011-608,N/A,US,2017-04-13,,MAQUET CARDIOPULMONARY GMBH,A61M1/1621 | A61M1/3623 | A61M1/3626 | A61M1/3666 | A61M2205/18,21,21
161-408-952-048-747,N/A,US,2017-03-21,,INTUITIVE SURGICAL OPERATIONS,A61B34/37 | A61B34/30 | A61B34/35 | A61B2090/035 | A61B2090/508,15,15
102-169-488-901-39X,N/A,CN,2017-02-22,,OLYMPUS CORP,A61B34/74 | A61B1/00128 | A61B1/00133 | A61B17/00 | A61B90/00,0,0
139-440-108-204-102,N/A,EP,2017-01-11,,INTUITIVE SURGICAL OPERATIONS,A61B1/00149 | A61B1/00009 | A61B1/00042 | A61B1/0005 | A61B1/05,13,13
045-341-325-021-968,N/A,US,2017-01-10,,LANDRY MICHAEL E; KHOO LARRY T; FORTON CHARLES R; BERGERON BRIAN J; RICEMAN BRUCE A; MILLER PETER T; ELY KAMERON SCOTT; ZIMMER SPINE INC,A61B17/708 | A61B17/1655 | A61B17/1671 | A61B17/1757 | A61B17/701,20,20
170-895-234-819-057,N/A,US,2016-12-29,,INTUITIVE SURGICAL OPERATIONS,A61B34/30 | A61B34/35 | A61B34/37 | A61B34/77 | A61B90/06,23,23
045-951-117-550-169,N/A,WO,2016-12-15,,INTUITIVE SURGICAL OPERATIONS,A61B34/35 | A61B34/70 | A61B90/361 | A61B2034/301 | B25J3/00,1,1
136-323-088-942-658,N/A,US,2016-12-13,,INTUITIVE SURGICAL OPERATIONS,A61B1/00149 | A61B1/00009 | A61B1/00042 | A61B1/0005 | A61B1/05,7,7
008-944-579-882-697,N/A,CN,2016-11-23,,INTUITIVE SURGICAL OPERATIONS,A61B17/3421 | A61B1/00149 | A61B1/313 | A61B17/29 | A61B17/3423,0,0
123-864-924-340-805,N/A,EP,2016-11-02,,INTUITIVE SURGICAL OPERATIONS,A61B1/0055 | A61B1/00142 | A61B1/00149 | A61B1/0058 | A61B1/008,9,9
063-961-621-231-062,N/A,CA,2016-11-01,,HASSOUN BASEL S,A61B17/2909 | A61B34/71 | A61B34/76 | A61B2017/00314 | A61B2017/00327,0,0
036-051-839-555-519,N/A,US,2016-09-27,,INTUITIVE SURGICAL OPERATIONS,A61B34/30 | A61B34/35 | A61B34/37 | A61B34/77 | A61B90/06,25,25
165-705-428-777-931,N/A,US,2016-09-08,,HASSOUN BASEL,A61B17/2909 | A61B34/71 | A61B34/76 | A61B2017/00314 | A61B2017/00327,1,1
096-084-101-468-678,N/A,US,2016-08-18,,ABB GOMTEC GMBH,A61B34/30 | A61B34/37 | A61B2017/00017 | A61B2017/00207 | A61B2017/00725,21,21
120-082-367-064-75X,N/A,WO,2016-07-21,,DISTALMOTION SA; BEIRA RICARDO DANIEL RITA,A61B34/37 | A61B34/70 | A61B34/77 | A61B90/20 | A61B2090/3616,1,1
160-341-118-034-132,N/A,US,2016-07-19,,NEOCHORD INC,A61B8/0841 | A61B8/12 | A61B8/4254 | A61B8/461 | A61B17/0469,21,21
030-777-640-825-264,N/A,MX,2016-07-07,,BASEL S HASSOUN,A61B17/2909 | A61B34/71 | A61B34/76 | A61B2017/00314 | A61B2017/00327,0,0
199-821-660-051-934,N/A,WO,2016-06-23,,UNIV FUDAN,G16Z99/00,7,7
170-422-667-051-717,N/A,JP,2016-06-16,,INTUITIVE SURGICAL OPERATIONS,A61B17/3421 | A61B1/00149 | A61B1/313 | A61B17/29 | A61B17/3423,0,0
119-423-177-390-21X,N/A,US,2016-06-09,,INTUITIVE SURGICAL OPERATIONS,A61B34/37 | A61B1/00149 | A61B1/00193 | A61B1/313 | A61B17/3421,18,18
179-661-738-906-141,N/A,CN,2016-06-01,,ABB GOMTEC GMBH,A61B34/30 | A61B34/37 | A61B2017/00017 | A61B2017/00207 | A61B2017/00725,0,0
005-590-614-510-692,N/A,CA,2016-05-19,,MEDINEERING GMBH,A61B90/50 | A61B1/00149 | A61B34/70 | A61B34/74 | A61B90/10,0,0
155-979-544-284-881,N/A,US,2016-05-17,,HASSOUN BASEL,A61B17/2909 | A61B34/71 | A61B34/76 | A61B2017/00314 | A61B2017/00327,20,20
025-988-366-979-672,N/A,US,2016-04-21,,JIN YIFU; JIN HEIYING,A61B17/1155 | A61B17/072 | A61B17/072 | A61B2017/00017 | A61B2090/065,3,3
037-222-401-325-591,N/A,US,2016-03-24,,KOSTRZEWSKI SZYMON; CHAPPUIS OLIVIER; NUSSBAUMER BILLY; GEHRIGER DANIEL; BERTHELIN RODERIK; KB MEDICAL SA,A61B34/30 | A61B34/10 | A61B34/20 | A61B34/70 | A61B90/06,30,30
014-398-113-886-516,N/A,CN,2016-03-23,,CHONGQING JINSHAN SCIENCE AND TECH (GROUP) CO LTD,,0,0
060-152-406-546-249,N/A,US,2016-03-15,,INTUITIVE SURGICAL OPERATIONS,A61B34/37 | A61B1/00149 | A61B1/00193 | A61B1/313 | A61B17/3421,18,18
082-404-973-927-917,N/A,US,2016-03-15,,KB MEDICAL SA,A61B34/30 | A61B34/10 | A61B34/20 | A61B34/70 | A61B90/06,18,18
121-393-486-221-767,N/A,WO,2016-03-03,,DISTALMOTION SA; BEIRA RICARDO DANIEL RITA,A61B34/37 | A61B34/70 | A61B34/77 | A61B90/20 | A61B2090/3616,1,1
050-570-844-128-417,N/A,US,2016-02-11,,DUTT SRINIVAS; DUTT NIROO; DUTT ANISHA; DUTT NIKHIL,G09F3/201 | A61B90/94 | A61B2090/08021 | A61B2090/3937 | G09F3/005,10,10
133-404-601-478-071,N/A,US,2016-02-09,,INTUITIVE SURGICAL OPERATIONS,A61B17/3421 | A61B1/00149 | A61B17/3423 | A61B17/3431 | A61B17/3439,17,17
059-547-112-413-142,N/A,KR,2016-01-21,,MEERE CO INC,,0,0
017-533-855-660-661,N/A,CN,2016-01-13,,WANG JUNFENG,G09B23/303 | G09B23/30,0,0
152-130-890-625-341,N/A,JP,2016-01-12,,OLYMPUS CORP,A61B17/00 | B25J3/00 | B25J13/02 | A61B90/00 | A61B1/00128,0,0
057-538-777-194-717,N/A,WO,2015-12-23,,OLYMPUS CORP,A61B34/74 | A61B1/00128 | A61B1/00133 | A61B17/00 | A61B90/00,10,10
104-443-783-916-190,N/A,WO,2015-11-12,,CONCEPTUALIZ INC,G16H20/40 | A61B17/8066 | A61B17/8085 | A61B34/10 | A61B2034/102,1,1
126-208-030-633-696,N/A,US,2015-11-12,,CONCEPTUALIZ INC,G16H20/40 | A61B17/8066 | A61B17/8085 | A61B34/10 | A61B2034/102,16,16
011-118-655-063-540,N/A,US,2015-11-05,,INTUITIVE SURGICAL OPERATIONS,A61B1/0055 | A61B1/00142 | A61B1/00149 | A61B1/0058 | A61B1/008,18,18
147-690-571-508-310,N/A,US,2015-10-29,,HASSOUN BASEL S,A61B17/29 | A61B17/2909 | A61B2017/00314 | A61B2017/00327 | A61B2017/291,38,38
180-746-662-479-97X,N/A,US,2015-09-17,,INTUITIVE SURGICAL OPERATIONS,A61B34/37 | A61B34/30 | A61B34/35 | A61B2090/035 | A61B2090/508,15,15
190-090-515-099-348,N/A,JP,2015-09-03,,OLYMPUS CORP,A61B2017/00212 | A61B34/70 | A61B2034/301 | A61B90/98 | A61B2090/0803,0,0
174-545-349-786-406,N/A,JP,2015-08-06,,INTUITIVE SURGICAL OPERATIONS,A61B17/3498 | A61B1/00149 | A61B1/00193 | A61B1/313 | A61B17/0218,0,0
175-755-950-126-443,N/A,CN,2015-07-29,,INTUITIVE SURGICAL OPERATIONS,A61B17/3498 | A61B1/00149 | A61B1/00193 | A61B1/313 | A61B17/0218,0,0
147-498-127-153-824,N/A,US,2015-07-09,,NEOCHORD INC,A61B8/0841 | A61B8/12 | A61B8/4254 | A61B8/461 | A61B17/0469,22,22
147-427-773-754-378,N/A,US,2015-07-02,,LIM YI-JE; HU JIANJUEN; ROBERTS HARRISON; MAKOWSKI SUZANA,A61G7/1025 | A61G7/1019 | A61G7/1036 | A61G7/1048 | A61G7/1057,20,20
084-366-798-120-064,N/A,CN,2015-06-17,,INTUITIVE SURGICAL OPERATIONS,A61B34/30 | A61B34/35 | A61B34/37 | A61B34/77 | A61B90/06,0,0
160-555-811-435-608,N/A,CN,2015-04-29,,INTUITIVE SURGICAL OPERATIONS,A61B17/00234 | A61B17/3421 | A61B2017/0034 | A61B2017/3445 | A61B1/00149,0,0
076-675-563-903-08X,N/A,JP,2015-04-23,,INTUITIVE SURGICAL OPERATIONS,A61B17/3421 | A61B1/00149 | A61B1/313 | A61B17/29 | A61B17/3423,0,0
170-298-938-500-065,N/A,CN,2015-04-22,,UNIV PEKING SCHOOL STOMATOLOGY,,0,0
030-593-403-095-089,N/A,US,2015-04-14,,HASSER CHRISTOPHER J; SWARUP NITISH; COOPER THOMAS G; ANDERSON S CHRISTOPHER; INTUITIVE SURGICAL OPERATIONS,A61B1/0055 | A61B1/00142 | A61B1/00149 | A61B1/0058 | A61B1/008,17,17
193-718-866-333-108,N/A,WO,2015-04-09,,GOMTEC GMBH,A61B34/30 | A61B34/37 | A61B2017/00017 | A61B2017/00207 | A61B2017/00725,1,1
077-938-438-548-638,N/A,WO,2015-04-09,,KB MEDICAL SA,A61B34/30 | A61B34/10 | A61B34/20 | A61B34/70 | A61B90/06,1,1
008-086-447-655-929,N/A,US,2015-04-09,,KB MEDICAL SA,A61B34/30 | A61B34/10 | A61B34/20 | A61B34/70 | A61B90/06,21,21
070-412-771-405-55X,N/A,US,2015-03-05,,INTUITIVE SURGICAL OPERATIONS,A61B1/00149 | A61B1/00009 | A61B1/00042 | A61B1/0005 | A61B1/05,6,6
006-461-000-820-640,N/A,AU,2015-02-26,,HASSOUN BASEL S,A61B17/2909 | A61B34/71 | A61B34/76 | A61B2017/00314 | A61B2017/00327,0,0
166-676-478-905-635,N/A,US,2015-02-12,,INTUITIVE SURGICAL OPERATIONS,A61B34/37 | A61B1/00149 | A61B1/00193 | A61B1/313 | A61B17/3421,18,18
180-502-564-231-822,N/A,CN,2015-01-21,,AFFILIATED YONGCHUAN HOSPITAL OF CHONGQING MEDICAL UNIV,,0,0
088-444-578-428-936,N/A,US,2015-01-20,,NEOCHORD INC,A61B8/0841 | A61B8/12 | A61B8/4254 | A61B8/461 | A61B17/0469,22,22
176-651-161-341-773,N/A,KR,2015-01-07,,UNIV NAT CHONNAM IND FOUND,B25J13/02 | A61B34/30 | B25J9/1005 | B25J9/16 | B25J13/08,0,0
155-431-073-407-588,N/A,KR,2014-12-08,,KOH YOUNG TECH INC,A61B17/24 | A61B17/2909 | A61B34/35 | A61B34/37 | A61B34/70,0,0
000-913-191-958-189,N/A,KR,2014-11-18,,SAMSUNG ELECTRONICS CO LTD,A61B34/76 | A61B34/30 | A61B2034/741 | A61B34/76 | A61B17/00234,0,0
079-969-406-091-156,N/A,US,2014-11-18,,PRISCO GIUSEPPE MARIA; AU SAMUEL; INTUITIVE SURGICAL OPERATIONS,A61B34/37 | A61B1/00149 | A61B1/00193 | A61B1/313 | A61B17/3421,31,31
155-176-550-053-263,N/A,US,2014-11-04,,RAJ ANIL K; MOUCHEBOEUF ADRIEN M; CARFF ROGER W; HUTCHESON TIMOTHY L; FLORIDA INST FOR HUMAN & MACHING COGNITION,A61B34/30 | A61B34/25 | A61B34/37 | A61B34/70 | A61B34/76,31,31
076-595-877-131-043,N/A,US,2014-11-04,,TREES NICK QUINTON; DELGADO NORMAN CRAIG; EKINAKA MICHAEL HITOSHI; OASIS MEDICAL INC,A61F9/0133 | A61B17/3211 | A61B2017/32113 | A61F9/0133 | A61B17/3211,8,8
014-554-272-036-553,N/A,US,2014-10-21,,DIOLAITI NICOLA; LARKIN DAVID Q; GOMEZ DANIEL; MUSTAFA TABISH; MOHR PAUL W; LILAGAN PAUL; INTUITIVE SURGICAL OPERATIONS,A61B1/00149 | A61B1/00009 | A61B1/00042 | A61B1/0005 | A61B1/05,16,16
127-418-961-741-072,N/A,KR,2014-10-10,,JUNG HWA KYUNG,A61B17/295 | A61B17/00234 | A61B17/320016 | A61B2017/00296 | A61B2017/003,0,0
167-642-364-421-908,N/A,CN,2014-09-17,,NEOCHORD INC,A61B8/0841 | A61B8/12 | A61B8/4254 | A61B8/461 | A61B17/0469,0,0
019-113-976-169-280,N/A,EP,2014-08-27,,INTUITIVE SURGICAL OPERATIONS,A61B1/0055 | A61B1/00142 | A61B1/00149 | A61B1/0058 | A61B1/008,0,0
004-687-471-312-457,N/A,EP,2014-08-20,,MAGNETECS INC,A61B5/06 | A61B5/062 | A61B5/7455 | A61B17/22 | A61B34/20,0,0
099-781-836-026-654,N/A,CN,2014-08-13,,UNIV TIANJIN TECHNOLOGY,A61B17/00234,0,0
198-808-601-605-543,N/A,JP,2014-07-28,,TOSHIBA CORP; TOSHIBA MEDICAL SYS CORP,,0,0
060-060-483-580-012,N/A,EP,2014-05-28,,INTUITIVE SURGICAL OPERATIONS,A61B1/0055 | A61B1/00142 | A61B1/00149 | A61B1/0058 | A61B1/008,17,17
006-642-582-437-248,N/A,AU,2014-05-22,,NEOCHORD INC; PETERS TERRY; ZENTGRAF JOHN,A61B8/0841 | A61B8/12 | A61B8/4254 | A61B8/461 | A61B17/0469,0,0
000-101-393-993-683,N/A,WO,2014-03-13,,HASSOUN BASEL S,A61B17/29 | A61B17/2909 | A61B2017/00314 | A61B2017/00327 | A61B2017/291,1,1
169-287-960-211-957,N/A,CA,2014-03-13,,HASSOUN BASEL S,A61B17/29 | A61B17/2909 | A61B2017/00314 | A61B2017/00327 | A61B2017/291,0,0
099-816-749-294-172,N/A,US,2014-03-06,,VANTAGE SURGICAL SYSTEMS INC,A61B17/3423 | A61B1/00193 | A61B1/0607 | A61B1/07 | A61B1/3132,26,26
122-172-820-459-437,N/A,US,2014-03-06,,VANTAGE SURGICAL SYSTEMS INC,A61B1/3132 | A61B1/00193 | A61B1/0607 | A61B1/07 | A61B17/3423,26,26
053-493-718-703-276,N/A,WO,2014-02-20,,INTUITIVE SURGICAL OPERATIONS,A61B34/30 | A61B34/35 | A61B34/37 | A61B34/77 | A61B90/06,1,1
079-064-616-794-240,N/A,US,2014-02-20,,INTUITIVE SURGICAL OPERATIONS,A61B34/30 | A61B34/35 | A61B34/37 | A61B34/77 | A61B90/06,22,22
024-340-294-175-051,N/A,JP,2014-01-20,,OLYMPUS CORP,A61B90/50 | A61B34/30 | A61B34/37 | A61B2034/2065 | A61B2034/301,0,0
077-127-864-557-570,N/A,US,2014-01-16,,INTUITIVE SURGICAL OPERATIONS,A61B17/3421 | A61B1/00149 | A61B17/3423 | A61B17/3431 | A61B17/3439,37,37
197-602-858-589-42X,N/A,US,2014-01-16,,RAJ ANIL K; MOUCHEBOUEF ADRIEN M; CARFF ROGER W; HUTCHESON TIMOTHY L,A61B34/30 | A61B34/25 | A61B34/37 | A61B34/70 | A61B34/76,32,32
031-114-988-309-016,N/A,US,2014-01-07,,ROGERS THEODORE W; GERBI CRAIG R; STEGER JOHN RYAN; SWINEHART CHARLES E; INTUITIVE SURGICAL OPERATIONS,A61B17/00234 | A61B17/3421 | A61B2017/0034 | A61B2017/3445 | A61B1/00149,41,41
014-439-051-029-145,N/A,US,2014-01-02,,INTUITIVE SURGICAL OPERATIONS,A61B17/3421 | A61B1/00149 | A61B17/3423 | A61B17/3431 | A61B17/3439,21,21
099-958-190-427-379,N/A,US,2013-12-31,,HARPER MICHAEL; GLOBUS MEDICAL INC,A61B17/7083 | A61B17/7083,35,35
135-623-855-845-399,N/A,US,2013-11-14,,BEIRA RICARDO; CLAVEL REYMOND; BLEULER HANNES; ECOLE POLYTECH,A61B34/30 | A61B34/71 | A61B2017/2906 | A61B2090/371 | Y10T74/18848,42,42
082-626-598-680-660,N/A,AU,2013-11-07,,ZIMMER SPINE INC,A61B17/708 | A61B17/1655 | A61B17/1671 | A61B17/1757 | A61B17/701,0,0
154-076-953-001-084,N/A,WO,2013-10-24,,OASIS MEDICAL INC; TREES NICK; DELGADO NORMAN; EKINAKA MICHAEL,A61B17/3211 | A61B2017/32113,1,1
089-801-729-104-541,N/A,US,2013-10-08,,STEGER JOHN RYAN; GERBI CRAIG R; PRISCO GIUSEPPE MARIA; ROGERS THEODORE W; INTUITIVE SURGICAL OPERATIONS,A61B34/30 | A61B1/00149 | A61B1/00193 | A61B1/313 | A61B17/3421,20,20
030-856-639-309-639,N/A,US,2013-10-01,,PRISCO GIUSEPPE MARIA; GERBI CRAIG R; ROGERS THEODORE W; STEGER JOHN RYAN; INTUITIVE SURGICAL OPERATIONS,A61B34/30 | A61B1/00149 | A61B1/00193 | A61B1/313 | A61B17/3421,26,26
061-778-459-012-321,N/A,US,2013-06-18,,ROGERS THEODORE W; STEGER JOHN RYAN; SWINEHART CHARLES E; INTUITIVE SURGICAL OPERATIONS,A61B34/30 | A61B1/00149 | A61B1/00193 | A61B1/313 | A61B17/3421,21,21
163-142-445-807-486,N/A,US,2013-06-13,,ZENTGRAF JOHN; PETERS TERRY,A61B8/0841 | A61B8/12 | A61B8/4254 | A61B8/461 | A61B17/0469,22,22
051-154-202-753-847,N/A,WO,2013-06-06,,NEOCHORD INC; ZENTGRAF JOHN; PETERS TERRY,A61B8/0841 | A61B8/12 | A61B8/4254 | A61B8/461 | A61B17/0469,1,1
039-227-181-384-623,N/A,CA,2013-06-06,,NEOCHORD INC,A61B8/0841 | A61B8/12 | A61B8/4254 | A61B8/461 | A61B17/0469,0,0
092-675-365-036-069,N/A,JP,2013-05-23,,UNIV OF NEBRASKA BOARD OF REGENTS; VIRTUAL INCISION CORP,A61B17/00234 | A61B1/06 | A61B1/3132 | A61B17/29 | A61B34/30,0,0
022-183-157-832-909,N/A,CN,2013-05-01,,HASSOUN BASEL S,A61B17/2909 | A61B34/71 | A61B34/76 | A61B2017/00314 | A61B2017/00327,0,0
064-089-070-585-960,N/A,CN,2013-02-13,,UNIV PLA 3RD MILITARY MEDICAL,,0,0
191-873-898-189-574,N/A,CN,2013-01-23,,UNIV TSINGHUA,,0,0
054-513-471-774-655,N/A,MX,2012-12-17,,HASSOUN BASEL S,A61B17/2909 | A61B34/71 | A61B34/76 | A61B2017/00314 | A61B2017/00327,0,0
197-572-629-869-706,N/A,US,2012-12-13,,HASSOUN BASEL,A61B17/2909 | A61B34/71 | A61B34/76 | A61B2017/00314 | A61B2017/00327,37,37
197-151-475-351-799,N/A,CA,2012-11-13,,ETHICON ENDO SURGERY INC,A61B17/07207 | A61B2017/2927 | A61B2017/2943 | A61B2017/320052 | A61B17/07207,0,0
000-790-418-032-923,N/A,AU,2012-10-25,,HASSOUN BASEL,A61B17/2909 | A61B34/71 | A61B34/76 | A61B2017/00314 | A61B2017/00327,0,0
100-555-432-054-702,N/A,US,2012-08-23,,TREES NICK QUINTON; DELGADO NORMAN CRAIG; EKINAKA MICHAEL HITOSHI; OASIS MEDICAL INC,A61F9/0133 | A61B17/3211 | A61B2017/32113 | A61F9/0133 | A61B17/3211,19,19
031-138-018-810-56X,N/A,US,2012-07-26,,HASSER CHRISTOPHER J; SWARUP NITISH; COOPER THOMAS G; ANDERSON S CHRISTOPHER; INTUITIVE SURGICAL OPERATIONS,A61B1/0055 | A61B1/00142 | A61B1/00149 | A61B1/0058 | A61B1/008,0,0
018-681-895-941-557,N/A,CN,2012-07-25,,INTUITIVE SURGICAL OPERATIONS,A61B17/00234 | A61B17/3421 | A61B2017/0034 | A61B2017/3445 | A61B1/00149,0,0
143-610-215-745-012,N/A,CN,2012-07-18,,INTUITIVE SURGICAL OPERATIONS,A61B17/3498 | A61B1/00149 | A61B1/00193 | A61B1/313 | A61B17/0218,0,0
061-508-336-884-39X,N/A,CN,2012-07-18,,INTUITIVE SURGICAL OPERATIONS,A61B17/3421 | A61B1/00149 | A61B1/313 | A61B17/29 | A61B17/3423,0,0
188-058-987-815-064,N/A,CN,2012-07-18,,INTUITIVE SURGICAL OPERATIONS,A61B17/3421 | A61B1/00149 | A61B1/313 | A61B17/29 | A61B17/3423,0,0
023-040-088-695-821,N/A,CN,2012-06-20,,INTUITIVE SURGICAL OPERATIONS,A61B17/3421 | A61B1/00149 | A61B17/3423 | A61B17/3431 | A61B17/3439,0,0
052-469-724-196-980,N/A,WO,2012-05-18,,DEUTSCHES KREBSFORSCH; MAIER-HEIN LENA; FANGERAU MARKUS; MEINZER HANS-PETER; SEITEL ALEXANDER,A61B34/20 | A61B6/462 | A61B6/5223 | A61B6/5235 | A61B34/10,1,1
073-067-757-418-551,N/A,EP,2012-05-16,,DEUTSCHES KREBSFORSCH,A61B34/20 | A61B6/462 | A61B6/5223 | A61B6/5235 | A61B34/10,15,15
015-518-710-511-966,N/A,CN,2012-05-02,,DONGSHENG WANG; GUANGWEI ZHONG; HAN WANG,,0,0
143-896-840-299-472,N/A,CN,2012-05-02,,REBO,B25J9/1689 | A61B34/25 | A61B34/30 | A61B34/37 | A61B2090/372,0,0
056-299-921-246-082,N/A,WO,2012-04-19,,ECOLE POLYTECH; BEIRA RICARDO; CLAVEL REYMOND; BLEULER HANNES,A61B34/30 | A61B34/71 | A61B2017/2906 | A61B2090/371 | Y10T74/18848,1,1
037-236-500-970-032,N/A,CN,2012-04-04,,MAGNETECS INC,A61B5/06 | A61B5/062 | A61B5/7455 | A61B17/22 | A61B34/20,0,0
150-810-713-009-149,N/A,AU,2012-03-29,,ETHICON ENDO SURGERY INC,A61B17/07207 | A61B2017/2927 | A61B2017/2943 | A61B2017/320052 | A61B17/07207,0,0
186-686-784-762-374,N/A,US,2012-03-01,,HARPER MICHAEL,A61B17/7083 | A61B17/7083,36,36
045-914-078-558-818,N/A,CN,2011-11-23,,SUZHOU DIKAIER MEDICAL TECHNOLOGY CO LTD,,0,0
078-207-791-010-166,N/A,US,2011-11-10,,CHOI SEUNG WOOK; WON JONG SEOK; LEE MIN KYU; JANG BAE SANG; LEE WOO JYOUNG,B25J9/1689 | A61B34/25 | A61B34/30 | A61B34/37 | A61B2090/372,22,22
182-814-825-081-232,N/A,WO,2011-11-03,,ETERNE INC; CHOI SEUNG WOOK; LEE MIN KYU,A61B17/29 | A61B34/30 | A61B34/37 | A61B34/76 | A61B2017/2825,0,0
040-778-935-103-565,N/A,US,2011-10-13,,OASIS MEDICAL INC,A61F9/0133 | A61B17/3211 | A61B2017/32113 | A61F9/0133 | A61B17/3211,33,33
084-830-103-372-289,N/A,EP,2011-10-12,,OASIS MEDICAL INC,A61F9/0133 | A61B17/3211 | A61B2017/32113 | A61F9/0133 | A61B17/3211,13,13
025-886-026-014-463,N/A,CA,2011-09-09,,HASSOUN BASEL S,A61B17/2909 | A61B34/71 | A61B34/76 | A61B2017/00314 | A61B2017/00327,0,0
197-147-454-165-696,N/A,WO,2011-09-09,,HASSOUN BASEL S,A61B17/2909 | A61B34/71 | A61B34/76 | A61B2017/00314 | A61B2017/00327,1,1
059-503-003-730-97X,N/A,WO,2011-09-01,,INTUITIVE SURGICAL OPERATIONS,A61B17/00234 | A61B17/3421 | A61B2017/0034 | A61B2017/3445 | A61B1/00149,0,0
112-960-323-268-749,N/A,CN,2011-08-31,,INTUITIVE SURGICAL INC,A61B1/00149 | A61B1/00009 | A61B1/00042 | A61B1/0005 | A61B1/05,0,0
154-292-409-500-37X,N/A,WO,2011-07-21,,INTUITIVE SURGICAL OPERATIONS,A61B34/30 | A61B1/00149 | A61B1/00193 | A61B1/313 | A61B17/3421,0,0
124-996-519-557-171,N/A,WO,2011-05-19,,INTUITIVE SURGICAL OPERATIONS,A61B1/313 | A61B1/00149 | A61B1/00193 | A61B17/3421 | A61B17/3423,1,1
095-559-232-925-728,N/A,WO,2011-05-19,,INTUITIVE SURGICAL OPERATIONS,A61B34/30 | A61B1/00149 | A61B1/00193 | A61B1/313 | A61B17/3421,1,1
137-546-840-586-669,N/A,WO,2011-05-19,,INTUITIVE SURGICAL OPERATIONS,A61B17/00234 | A61B17/3421 | A61B2017/0034 | A61B2017/3445 | A61B1/00149,1,1
061-174-235-156-089,N/A,WO,2011-05-19,,INTUITIVE SURGICAL OPERATIONS,A61B34/30 | A61B1/00149 | A61B1/00193 | A61B1/313 | A61B17/3421,1,1
181-970-276-759-909,N/A,WO,2011-05-05,,ETERNE INC; CHOI SEUNG WOOK; LEE MIN KYU,A61B17/29 | A61B34/30 | A61B34/37 | A61B34/76 | A61B2017/2825,7,7
024-769-882-096-298,N/A,CN,2011-04-27,,INTUITIVE SURGICAL INC,A61B1/0055 | A61B1/00142 | A61B1/00149 | A61B1/0058 | A61B1/008,0,0
142-103-313-146-432,N/A,WO,2011-03-31,,INTUITIVE SURGICAL OPERATIONS,A61B17/3421 | A61B1/00149 | A61B17/3423 | A61B17/3431 | A61B17/3439,1,1
131-068-366-528-303,N/A,US,2011-03-24,,INTUITIVE SURGICAL INC,A61B34/30 | A61B1/00149 | A61B1/00193 | A61B1/313 | A61B17/3421,21,21
027-024-754-908-418,N/A,US,2011-03-24,,INTUITIVE SURGICAL INC,A61B17/3421 | A61B1/00149 | A61B17/3423 | A61B17/3431 | A61B17/3439,8,8
145-451-610-263-272,N/A,US,2011-03-24,,INTUITIVE SURGICAL INC,A61B34/30 | A61B1/00149 | A61B1/00193 | A61B1/313 | A61B17/3421,20,20
066-258-767-755-840,N/A,US,2011-03-24,,INTUITIVE SURGICAL INC,A61B34/37 | A61B1/00149 | A61B1/00193 | A61B1/313 | A61B17/3421,18,18
143-463-290-244-19X,N/A,US,2011-03-24,,INTUITIVE SURGICAL INC,A61B17/00234 | A61B17/3421 | A61B2017/0034 | A61B2017/3445 | A61B1/00149,30,30
181-289-180-203-909,N/A,US,2011-03-24,,INTUITIVE SURGICAL INC,A61B34/30 | A61B1/00149 | A61B1/00193 | A61B1/313 | A61B17/3421,23,23
107-971-325-833-257,N/A,CN,2011-02-23,,INTUITIVE SURGICAL INC,A61B1/0055 | A61B1/00142 | A61B1/00149 | A61B1/0058 | A61B1/008,0,0
014-595-077-155-62X,N/A,US,2011-01-18,,MAGNETECS INC,A61B5/06 | A61B5/062 | A61B5/7455 | A61B17/22 | A61B34/20,11,11
116-562-279-370-114,N/A,CN,2011-01-05,,ZHONGQING CHEN; XIAOQING JIANG; LIANGTAO CHENG,,0,0
146-701-854-087-004,N/A,WO,2010-11-25,,ETERNE INC; CHOI SEUNG WOOK; WON JONG SEOK; LEE MIN KYU; JANG BAE SANG; LEE WOO JYOUNG,B25J9/1689 | A61B34/25 | A61B34/30 | A61B34/37 | A61B2090/372,0,0
068-749-388-599-154,N/A,CN,2010-09-15,,NANJING APON MEDICAL INSTR CO LTD,,0,0
075-511-436-873-845,N/A,WO,2010-08-19,,REBO; CHOI SEUNG WOOK; WON JONG SEOK; LEE MIN KYU; JANG BAE SANG; LEE WOO JYOUNG,B25J9/1689 | A61B34/25 | A61B34/30 | A61B34/37 | A61B2090/372,51,51
065-747-644-624-163,N/A,JP,2010-08-19,,MAGNETECS INC,A61B5/06 | A61B5/062 | A61B5/7455 | A61B17/22 | A61B34/20,0,0
192-776-609-373-052,N/A,US,2010-06-03,,SILVESTRINI THOMAS A; JOHN STEVEN; GARCIA JOSE; LILLY RICHARD S,A61B3/117 | A61F9/00781 | A61B3/117 | A61F9/00781,24,24
155-028-784-341-650,N/A,WO,2010-04-08,,INTUITIVE SURGICAL INC,A61B1/00149 | A61B1/00009 | A61B1/00042 | A61B1/0005 | A61B1/05,1,1
159-041-251-617-003,N/A,WO,2010-03-25,,TRANSCEND MEDICAL INC; SILVESTRINI THOMAS A; JOHN STEVEN; GARCIA JOSE; LILLY RICHARD S,A61B3/117 | A61F9/00781 | A61B3/117 | A61F9/00781,0,0
077-324-901-765-444,N/A,CN,2010-03-03,,YIJUN GUO,,0,0
108-296-758-306-073,N/A,US,2009-12-31,,INTUITIVE SURGICAL INC,A61B1/00149 | A61B1/00009 | A61B1/00042 | A61B1/0005 | A61B1/05,28,28
084-925-480-388-86X,N/A,WO,2009-12-30,,TRANSCEND MEDICAL INC; SILVESTRINI THOMAS A; JOHN STEVEN; GARCIA JOSE; LILLY RICHARD S,A61B3/117 | A61F9/00781 | A61B3/117 | A61F9/00781,1,1
070-291-189-040-147,N/A,EP,2009-09-30,,MAGNETECS INC,A61B5/06 | A61B5/062 | A61B5/7455 | A61B17/22 | A61B34/20,26,26
084-421-048-677-241,N/A,CN,2009-06-03,,MAGNETECS INC,A61B5/06 | A61B5/062 | A61B5/7455 | A61B17/22 | A61B34/20,0,0
087-379-497-178-045,N/A,CA,2009-01-22,,ZIMMER SPINE INC,A61B17/708 | A61B17/1655 | A61B17/1671 | A61B17/1757 | A61B17/701,0,0
077-569-658-485-447,N/A,WO,2009-01-22,,ABBOTT SPINE INC; LANDRY MICHAEL E; KHOO LARRY T; FORTON CHARLES R; BERGERON BRIAN J; RICEMAN BRUCE A; MILLER PETER T; ELY KAMERON S,A61B17/708 | A61B17/1655 | A61B17/1671 | A61B17/1757 | A61B17/701,1,1
154-136-076-949-501,N/A,CN,2009-01-07,,INTUITIVE SURGICAL INC,A61B1/0055 | A61B1/00142 | A61B1/00149 | A61B1/0058 | A61B1/008,0,0
032-335-101-075-374,N/A,KR,2008-10-07,,INTUITIVE SURGICAL INC,A61B1/0055 | A61B1/00142 | A61B1/00149 | A61B1/0058 | A61B1/008,0,0
023-342-023-660-162,N/A,WO,2008-05-22,,INTUITIVE SURGICAL INC,A61B1/0055 | A61B1/00142 | A61B1/00149 | A61B1/0058 | A61B1/008,0,0
007-088-060-579-784,N/A,US,2008-03-27,,LANDRY MICHAEL E; KHOO LARRY T; FORTON CHARLES R; BERGERON BRIAN J; RICEMAN BRUCE A; MILLER PETER T; ELY KAMERON S,A61B17/708 | A61B17/1655 | A61B17/1671 | A61B17/1757 | A61B17/701,38,38
035-271-415-704-291,N/A,US,2008-03-20,,LEVAHN INTELLECTUAL PROPERTY H,A61B17/02 | A61B17/0206 | A61B17/02 | A61B17/0206,20,20
103-383-391-855-757,N/A,CN,2008-01-09,,SUZHOU TIANCHEN INT MED TECH,,0,0
110-820-863-623-118,N/A,CN,2008-01-09,,SUZHOU TIANCHEN INT MED TECH,,0,0
147-104-566-115-606,N/A,CN,2008-01-09,,SUZHOU TIANCHEN INT MED TECH,,0,0
188-198-223-207-530,N/A,CN,2008-01-09,,SUZHOU TIANCHEN INT MED TECH,,0,0
029-924-352-363-730,N/A,CN,2008-01-09,,SUZHOU TIANCHEN INT MED TECH,,0,0
084-947-580-965-561,N/A,CN,2008-01-09,,SUZHOU TIANCHEN INT MED TECH,,0,0
068-785-420-577-835,N/A,WO,2007-10-25,,INTUITIVE SURGICAL INC,A61B1/0055 | A61B1/00142 | A61B1/00149 | A61B1/0058 | A61B1/008,1,1
047-828-965-916-935,N/A,US,2006-08-10,,INTUITIVE SURGICAL INC,A61B1/0055 | A61B1/00142 | A61B1/00149 | A61B1/0058 | A61B1/008,28,28
101-817-789-355-755,N/A,US,2006-06-01,,SHACHAR YEHOSHUA,A61B5/06 | A61B5/062 | A61B5/7455 | A61B17/22 | A61B34/20,11,11
096-773-841-551-702,N/A,US,2006-06-01,,SHACHAR YEHOSHUA,A61B5/06 | A61B5/062 | A61B5/7455 | A61B17/22 | A61B34/20,14,14
038-702-655-626-748,N/A,US,2006-06-01,,SHACHAR YEHOSHUA,A61B5/06 | A61B5/062 | A61B5/7455 | A61B17/22 | A61B34/20,1,1
143-698-886-616-317,N/A,US,2006-01-03,,ETHICON ENDO SURGERY INC,A61B17/07207 | A61B2017/2927 | A61B2017/2943 | A61B2017/320052 | A61B17/07207,13,13
151-207-589-067-105,N/A,MX,2005-04-19,,JOHNSON & JOHNSON,A61B17/07207 | A61B2017/2927 | A61B2017/2943 | A61B2017/320052 | A61B17/07207,0,0
165-855-111-343-581,N/A,EP,2005-04-13,,ETHICON ENDO SURGERY,A61B17/07207 | A61B2017/2927 | A61B2017/2943 | A61B2017/320052 | A61B17/07207,13,13
073-710-640-877-885,N/A,US,2005-01-13,,WALES KENNETH S,A61B17/07207 | A61B2017/2927 | A61B2017/2943 | A61B2017/320052 | A61B17/07207,15,15
192-117-061-694-934,N/A,CA,2005-01-09,,ETHICON ENDO SURGERY INC,A61B17/07207 | A61B2017/2927 | A61B2017/2943 | A61B2017/320052 | A61B17/07207,0,0
046-214-802-237-636,N/A,US,2004-01-29,,SHACHAR YEHOSHUA,A61B5/06 | A61B5/062 | A61B5/7455 | A61B17/22 | A61B34/20,66,66
177-030-651-809-361,N/A,WO,2004-01-22,,MAGNETECS INC,A61B5/06 | A61B5/062 | A61B5/7455 | A61B17/22 | A61B34/20,1,1
169-530-745-194-418,N/A,CA,2004-01-22,,MAGNETECS INC,A61B5/06 | A61B5/062 | A61B5/7455 | A61B17/22 | A61B34/20,0,0
189-248-385-494-869,N/A,US,2003-05-06,,ETHICON ENDO SURGERY INC,G01T1/161 | A61B6/4258 | G01T1/161 | A61B6/4258,16,16
162-339-618-390-862,N/A,US,2002-10-24,,EPPLER WOLFGANG; MIKUT RALF; VOGES UDO; STOTZKA RAINER; BREITWIESER HELMUT; OBERLE REINHOLD; FISCHER HARALD,A61B1/313 | A61B1/00147 | A61B34/20 | A61B90/361 | A61B90/50,9,9
177-519-343-311-506,N/A,US,2002-09-12,,NORTHRUP WILLIAM F; NORTHRUP JOANNE B,A61F2/2445 | A61F2/2445,38,38
041-111-240-974-007,N/A,US,2002-05-30,,YARNALL STEPHEN T; GORMLEY JEROME E,G01T1/161 | A61B6/4258 | G01T1/161 | A61B6/4258,16,16
195-535-700-612-052,N/A,WO,2001-06-28,,KARLSRUHE FORSCHZENT; EPPLER WOLFGANG; MIKUT RALF; VOGES UDO; STOTZKA RAINER; BREITWIESER HELMUT; OBERLE REINHOLD; FISCHER HARALD,A61B1/313 | A61B1/00147 | A61B34/20 | A61B90/361 | A61B90/50,1,1
